id,signal1,signal2,signal3,signal4,signal5,signal6,signal7,room
1,ï»¿-64 ,-56,-61,-66,-71,-82,-81,1
2,-68 ,-57,-61,-65,-71,-85,-85,1
3,-63 ,-60,-60,-67,-76,-85,-84,1
4,-61 ,-60,-68,-62,-77,-90,-80,1
5,-63 ,-65,-60,-63,-77,-81,-87,1
6,-64 ,-55,-63,-66,-76,-88,-83,1
7,-65 ,-61,-65,-67,-69,-87,-84,1
8,-61 ,-63,-58,-66,-74,-87,-82,1
9,-65 ,-60,-59,-63,-76,-86,-82,1
10,-62 ,-60,-66,-68,-80,-86,-91,1
11,-67 ,-61,-62,-67,-77,-83,-91,1
12,-65 ,-59,-61,-67,-72,-86,-81,1
13,-63 ,-57,-61,-65,-73,-84,-84,1
14,-66 ,-60,-65,-62,-70,-85,-83,1
15,-61 ,-59,-65,-63,-74,-89,-87,1
16,-67 ,-60,-59,-61,-71,-86,-91,1
17,-63 ,-56,-60,-62,-70,-84,-91,1
18,-60 ,-54,-59,-65,-73,-83,-84,1
19,-60 ,-58,-60,-61,-73,-84,-88,1
20,-62 ,-59,-63,-64,-70,-84,-84,1
21,-63 ,-59,-64,-66,-72,-84,-90,1
22,-65 ,-59,-66,-65,-68,-82,-85,1
23,-63 ,-56,-63,-65,-72,-82,-89,1
24,-67 ,-60,-66,-65,-75,-86,-87,1
25,-63 ,-57,-67,-66,-79,-86,-89,1
26,-66 ,-59,-64,-68,-68,-97,-83,1
27,-65 ,-61,-64,-68,-77,-86,-89,1
28,-66 ,-57,-65,-69,-78,-85,-85,1
29,-67 ,-57,-64,-71,-75,-89,-87,1
30,-65 ,-62,-62,-65,-77,-84,-85,1
31,-61 ,-54,-60,-61,-74,-87,-83,1
32,-65 ,-53,-60,-62,-69,-85,-83,1
33,-66 ,-55,-63,-65,-68,-85,-90,1
34,-63 ,-57,-59,-67,-71,-82,-93,1
35,-63 ,-57,-62,-65,-76,-82,-88,1
36,-64 ,-57,-62,-67,-68,-83,-84,1
37,-68 ,-63,-68,-64,-74,-86,-84,1
38,-70 ,-62,-68,-65,-81,-89,-83,1
39,-67 ,-59,-62,-66,-80,-96,-82,1
40,-66 ,-59,-64,-67,-77,-87,-85,1
41,-66 ,-59,-65,-68,-75,-88,-84,1
42,-67 ,-59,-62,-65,-71,-91,-84,1
43,-69 ,-61,-62,-62,-75,-85,-84,1
44,-68 ,-58,-65,-65,-76,-87,-82,1
45,-66 ,-62,-64,-68,-73,-89,-83,1
46,-68 ,-58,-65,-67,-83,-89,-86,1
47,-65 ,-58,-62,-67,-77,-86,-91,1
48,-65 ,-58,-64,-69,-81,-88,-90,1
49,-65 ,-56,-63,-71,-77,-89,-85,1
50,-64 ,-59,-65,-70,-84,-90,-89,1
51,-64 ,-56,-64,-70,-80,-91,-84,1
52,-68 ,-57,-64,-68,-77,-88,-85,1
53,-67 ,-56,-65,-68,-82,-96,-89,1
54,-66 ,-69,-63,-69,-79,-88,-86,1
55,-68 ,-57,-62,-68,-77,-91,-86,1
56,-62 ,-58,-61,-68,-70,-85,-86,1
57,-63 ,-58,-66,-68,-75,-90,-93,1
58,-62 ,-58,-57,-65,-70,-82,-91,1
59,-64 ,-51,-57,-67,-68,-84,-82,1
60,-62 ,-56,-61,-67,-67,-81,-85,1
61,-63 ,-53,-60,-68,-67,-87,-85,1
62,-64 ,-54,-58,-69,-65,-86,-86,1
63,-62 ,-52,-61,-66,-65,-85,-89,1
64,-64 ,-54,-61,-63,-65,-88,-86,1
65,-58 ,-54,-61,-66,-75,-87,-86,1
66,-63 ,-55,-63,-68,-77,-87,-89,1
67,-64 ,-56,-64,-65,-75,-85,-90,1
68,-64 ,-56,-64,-67,-77,-81,-85,1
69,-63 ,-57,-65,-69,-77,-81,-85,1
70,-63 ,-61,-61,-68,-72,-87,-92,1
71,-59 ,-55,-62,-64,-68,-77,-86,1
72,-64 ,-57,-62,-68,-71,-85,-85,1
73,-66 ,-58,-56,-66,-79,-86,-93,1
74,-63 ,-59,-58,-64,-74,-82,-90,1
75,-66 ,-57,-57,-64,-69,-84,-90,1
76,-59 ,-60,-57,-62,-67,-80,-84,1
77,-60 ,-57,-55,-66,-69,-82,-89,1
78,-61 ,-55,-63,-64,-69,-83,-82,1
79,-61 ,-60,-57,-61,-74,-81,-82,1
80,-65 ,-60,-60,-62,-75,-83,-79,1
81,-65 ,-56,-65,-63,-68,-82,-93,1
82,-63 ,-60,-69,-65,-71,-85,-86,1
83,-62 ,-57,-60,-65,-72,-83,-87,1
84,-65 ,-60,-62,-63,-75,-85,-82,1
85,-65 ,-60,-62,-68,-69,-84,-89,1
86,-67 ,-56,-62,-70,-69,-86,-84,1
87,-67 ,-61,-63,-64,-71,-85,-84,1
88,-71 ,-62,-65,-68,-83,-85,-86,1
89,-68 ,-64,-66,-73,-81,-86,-83,1
90,-68 ,-63,-65,-74,-81,-84,-89,1
91,-70 ,-64,-63,-69,-83,-85,-87,1
92,-72 ,-63,-64,-70,-81,-85,-87,1
93,-73 ,-62,-66,-65,-81,-87,-89,1
94,-73 ,-61,-65,-65,-77,-89,-90,1
95,-73 ,-63,-65,-70,-80,-89,-93,1
96,-74 ,-62,-66,-70,-76,-89,-87,1
97,-71 ,-62,-63,-69,-75,-85,-87,1
98,-71 ,-64,-64,-70,-78,-88,-94,1
99,-70 ,-64,-66,-73,-78,-87,-94,1
100,-72 ,-62,-63,-76,-81,-84,-91,1
101,-72 ,-59,-65,-75,-81,-84,-91,1
102,-69 ,-59,-59,-65,-78,-86,-87,1
103,-57 ,-58,-65,-62,-77,-80,-87,1
104,-63 ,-55,-62,-66,-76,-89,-85,1
105,-64 ,-56,-69,-64,-73,-89,-85,1
106,-60 ,-57,-60,-66,-76,-82,-80,1
107,-64 ,-58,-59,-61,-70,-84,-86,1
108,-62 ,-55,-57,-62,-70,-82,-86,1
109,-65 ,-54,-57,-66,-70,-82,-80,1
110,-61 ,-56,-53,-62,-63,-84,-91,1
111,-65 ,-56,-55,-65,-68,-85,-93,1
112,-65 ,-55,-55,-67,-63,-82,-89,1
113,-59 ,-57,-62,-61,-68,-80,-83,1
114,-65 ,-59,-65,-63,-68,-80,-83,1
115,-63 ,-58,-62,-71,-74,-92,-94,1
116,-63 ,-59,-61,-62,-78,-90,-82,1
117,-65 ,-60,-67,-66,-68,-84,-89,1
118,-65 ,-58,-67,-67,-70,-87,-84,1
119,-65 ,-58,-70,-66,-71,-85,-83,1
120,-65 ,-59,-65,-67,-89,-85,-83,1
121,-63 ,-58,-64,-66,-70,-81,-91,1
122,-61 ,-54,-56,-59,-68,-82,-83,1
123,-59 ,-54,-59,-59,-67,-86,-80,1
124,-62 ,-56,-56,-61,-68,-81,-86,1
125,-61 ,-51,-58,-62,-71,-80,-84,1
126,-59 ,-54,-56,-62,-67,-81,-82,1
127,-58 ,-54,-58,-62,-75,-81,-81,1
128,-57 ,-53,-59,-64,-71,-80,-79,1
129,-63 ,-55,-62,-63,-70,-80,-75,1
130,-62 ,-54,-56,-64,-75,-88,-85,1
131,-62 ,-58,-57,-62,-72,-81,-81,1
132,-62 ,-58,-57,-65,-68,-83,-79,1
133,-65 ,-50,-51,-57,-70,-80,-79,1
134,-63 ,-48,-51,-59,-69,-77,-82,1
135,-63 ,-51,-50,-63,-67,-83,-79,1
136,-61 ,-53,-54,-58,-71,-82,-86,1
137,-56 ,-53,-58,-64,-71,-84,-87,1
138,-58 ,-54,-62,-66,-76,-83,-86,1
139,-62 ,-60,-64,-74,-76,-81,-91,1
140,-64 ,-59,-68,-67,-74,-82,-82,1
141,-66 ,-59,-70,-69,-76,-87,-89,1
142,-64 ,-59,-65,-64,-74,-88,-90,1
143,-64 ,-54,-65,-63,-71,-85,-89,1
144,-63 ,-57,-65,-71,-75,-82,-86,1
145,-62 ,-56,-64,-69,-75,-81,-84,1
146,-63 ,-58,-65,-66,-78,-81,-88,1
147,-63 ,-58,-65,-66,-73,-86,-89,1
148,-65 ,-60,-65,-66,-73,-84,-93,1
149,-63 ,-58,-64,-67,-74,-87,-87,1
150,-64 ,-59,-66,-63,-74,-87,-87,1
151,-64 ,-54,-56,-65,-74,-85,-87,1
152,-62 ,-55,-63,-61,-68,-81,-83,1
153,-60 ,-54,-57,-66,-64,-81,-83,1
154,-59 ,-55,-65,-62,-62,-81,-77,1
155,-63 ,-52,-56,-59,-66,-80,-80,1
156,-60 ,-59,-58,-63,-72,-82,-79,1
157,-62 ,-55,-61,-60,-63,-84,-80,1
158,-62 ,-51,-58,-61,-63,-77,-80,1
159,-56 ,-50,-56,-62,-61,-79,-85,1
160,-62 ,-51,-53,-60,-67,-78,-85,1
161,-58 ,-55,-58,-61,-67,-78,-80,1
162,-60 ,-53,-60,-62,-73,-81,-82,1
163,-60 ,-53,-59,-64,-70,-80,-90,1
164,-60 ,-56,-58,-65,-70,-80,-87,1
165,-59 ,-54,-59,-64,-74,-80,-81,1
166,-62 ,-55,-58,-68,-69,-83,-88,1
167,-62 ,-58,-59,-66,-68,-87,-88,1
168,-63 ,-58,-56,-66,-73,-87,-83,1
169,-56 ,-47,-56,-61,-67,-78,-88,1
170,-62 ,-51,-54,-59,-64,-77,-81,1
171,-62 ,-51,-61,-71,-67,-79,-80,1
172,-58 ,-54,-58,-58,-67,-84,-88,1
173,-57 ,-54,-56,-56,-68,-79,-82,1
174,-56 ,-54,-58,-62,-68,-77,-81,1
175,-60 ,-58,-62,-61,-62,-81,-84,1
176,-60 ,-55,-58,-57,-75,-74,-82,1
177,-61 ,-56,-57,-56,-75,-74,-81,1
178,-58 ,-55,-59,-58,-72,-77,-81,1
179,-59 ,-49,-53,-59,-62,-81,-83,1
180,-60 ,-52,-51,-59,-73,-79,-81,1
181,-57 ,-56,-56,-61,-70,-77,-77,1
182,-57 ,-57,-59,-61,-67,-80,-83,1
183,-62 ,-50,-61,-64,-73,-80,-81,1
184,-62 ,-54,-62,-68,-80,-80,-78,1
185,-63 ,-57,-63,-64,-73,-86,-81,1
186,-62 ,-57,-54,-66,-71,-81,-83,1
187,-61 ,-55,-59,-58,-66,-79,-78,1
188,-60 ,-59,-56,-63,-64,-82,-81,1
189,-56 ,-53,-64,-61,-72,-84,-81,1
190,-57 ,-53,-56,-58,-68,-75,-80,1
191,-60 ,-55,-60,-59,-67,-81,-87,1
192,-62 ,-56,-57,-63,-69,-87,-91,1
193,-58 ,-59,-56,-64,-68,-82,-87,1
194,-63 ,-56,-61,-61,-68,-83,-87,1
195,-64 ,-57,-63,-59,-69,-82,-86,1
196,-64 ,-61,-62,-65,-70,-85,-87,1
197,-61 ,-58,-60,-61,-74,-78,-83,1
198,-65 ,-56,-63,-66,-80,-83,-88,1
199,-62 ,-56,-63,-66,-74,-82,-80,1
200,-62 ,-49,-59,-63,-62,-80,-79,1
201,-58 ,-54,-52,-61,-74,-75,-82,1
202,-62 ,-52,-57,-60,-70,-81,-74,1
203,-65 ,-53,-53,-57,-64,-87,-80,1
204,-59 ,-51,-58,-57,-64,-76,-85,1
205,-57 ,-54,-59,-63,-65,-80,-80,1
206,-62 ,-50,-57,-59,-72,-82,-84,1
207,-56 ,-51,-62,-62,-71,-77,-82,1
208,-57 ,-56,-58,-58,-66,-85,-80,1
209,-58 ,-54,-61,-59,-68,-78,-76,1
210,-62 ,-56,-61,-65,-74,-78,-76,1
211,-60 ,-54,-61,-65,-70,-82,-88,1
212,-62 ,-63,-62,-65,-68,-87,-86,1
213,-62 ,-57,-61,-64,-68,-82,-82,1
214,-60 ,-58,-57,-65,-69,-80,-89,1
215,-62 ,-56,-59,-68,-74,-95,-84,1
216,-60 ,-53,-59,-64,-65,-76,-81,1
217,-60 ,-54,-57,-60,-66,-80,-88,1
218,-59 ,-55,-61,-65,-68,-84,-84,1
219,-58 ,-49,-55,-60,-70,-78,-80,1
220,-62 ,-49,-56,-63,-67,-78,-80,1
221,-63 ,-48,-54,-65,-67,-82,-80,1
222,-57 ,-56,-54,-69,-75,-83,-81,1
223,-62 ,-55,-59,-63,-72,-76,-87,1
224,-61 ,-50,-59,-67,-65,-79,-86,1
225,-66 ,-56,-54,-69,-65,-82,-82,1
226,-63 ,-54,-55,-67,-71,-82,-87,1
227,-60 ,-57,-58,-64,-70,-84,-79,1
228,-61 ,-56,-58,-67,-68,-80,-81,1
229,-61 ,-62,-64,-65,-73,-81,-90,1
230,-66 ,-58,-58,-68,-73,-85,-78,1
231,-66 ,-56,-57,-66,-73,-84,-87,1
232,-63 ,-54,-55,-64,-72,-84,-81,1
233,-58 ,-53,-58,-64,-73,-82,-82,1
234,-58 ,-48,-59,-59,-64,-84,-77,1
235,-56 ,-55,-59,-68,-74,-84,-79,1
236,-59 ,-54,-63,-72,-75,-81,-78,1
237,-58 ,-56,-61,-66,-75,-84,-78,1
238,-61 ,-54,-57,-67,-67,-82,-84,1
239,-62 ,-56,-67,-63,-68,-82,-86,1
240,-59 ,-54,-56,-65,-74,-79,-85,1
241,-58 ,-59,-59,-65,-65,-82,-94,1
242,-63 ,-54,-61,-66,-73,-84,-88,1
243,-63 ,-57,-58,-62,-73,-86,-85,1
244,-64 ,-52,-63,-62,-71,-84,-79,1
245,-62 ,-57,-58,-65,-71,-87,-86,1
246,-57 ,-56,-60,-58,-70,-79,-84,1
247,-57 ,-54,-57,-61,-62,-80,-79,1
248,-63 ,-59,-65,-62,-65,-83,-80,1
249,-62 ,-59,-61,-59,-69,-82,-83,1
250,-56 ,-56,-62,-64,-70,-79,-86,1
251,-57 ,-52,-60,-61,-66,-81,-85,1
252,-59 ,-55,-58,-61,-67,-77,-79,1
253,-57 ,-56,-59,-59,-64,-79,-78,1
254,-58 ,-58,-61,-59,-69,-81,-80,1
255,-62 ,-58,-57,-58,-69,-94,-77,1
256,-59 ,-60,-60,-62,-67,-94,-77,1
257,-62 ,-55,-58,-62,-67,-81,-77,1
258,-59 ,-54,-60,-60,-66,-83,-78,1
259,-63 ,-55,-63,-62,-68,-89,-85,1
260,-63 ,-59,-61,-61,-66,-79,-80,1
261,-59 ,-57,-59,-64,-73,-79,-84,1
262,-62 ,-53,-61,-59,-74,-84,-81,1
263,-58 ,-51,-59,-65,-74,-86,-82,1
264,-60 ,-55,-58,-61,-72,-83,-82,1
265,-63 ,-57,-57,-65,-75,-83,-76,1
266,-64 ,-57,-56,-63,-68,-85,-81,1
267,-59 ,-57,-63,-66,-65,-82,-78,1
268,-63 ,-60,-58,-64,-66,-83,-90,1
269,-65 ,-56,-60,-66,-74,-89,-90,1
270,-61 ,-56,-63,-62,-73,-87,-91,1
271,-62 ,-59,-61,-66,-75,-86,-80,1
272,-63 ,-52,-61,-64,-75,-80,-83,1
273,-58 ,-51,-59,-63,-69,-81,-80,1
274,-61 ,-56,-65,-65,-66,-77,-81,1
275,-61 ,-56,-62,-67,-66,-81,-88,1
276,-59 ,-55,-63,-67,-66,-82,-86,1
277,-62 ,-55,-65,-59,-69,-86,-87,1
278,-61 ,-54,-64,-59,-68,-86,-88,1
279,-61 ,-56,-65,-59,-68,-86,-88,1
280,-61 ,-57,-65,-59,-67,-86,-87,1
281,-60 ,-57,-66,-60,-68,-87,-89,1
282,-61 ,-59,-63,-60,-69,-87,-88,1
283,-63 ,-58,-66,-63,-68,-87,-83,1
284,-63 ,-57,-59,-66,-71,-82,-83,1
285,-59 ,-52,-61,-61,-76,-75,-78,1
286,-65 ,-62,-60,-65,-68,-83,-82,1
287,-66 ,-53,-58,-63,-69,-81,-80,1
288,-66 ,-53,-59,-62,-69,-81,-79,1
289,-60 ,-56,-62,-61,-69,-82,-81,1
290,-56 ,-50,-58,-63,-68,-83,-83,1
291,-59 ,-59,-58,-62,-64,-78,-81,1
292,-60 ,-57,-58,-66,-65,-77,-80,1
293,-59 ,-56,-58,-68,-62,-80,-81,1
294,-59 ,-54,-57,-65,-62,-80,-82,1
295,-58 ,-53,-61,-62,-64,-78,-81,1
296,-59 ,-60,-61,-66,-66,-81,-85,1
297,-56 ,-58,-60,-59,-66,-80,-77,1
298,-57 ,-59,-58,-66,-67,-78,-82,1
299,-62 ,-53,-58,-65,-67,-82,-84,1
300,-60 ,-59,-61,-62,-68,-81,-85,1
301,-61 ,-57,-63,-67,-72,-77,-82,1
302,-61 ,-55,-62,-62,-65,-82,-81,1
303,-57 ,-55,-58,-64,-65,-87,-79,1
304,-61 ,-52,-54,-63,-64,-84,-82,1
305,-61 ,-54,-54,-67,-60,-81,-83,1
306,-59 ,-57,-53,-61,-63,-79,-87,1
307,-62 ,-54,-55,-61,-63,-84,-81,1
308,-62 ,-54,-58,-64,-65,-77,-85,1
309,-59 ,-54,-58,-59,-63,-81,-80,1
310,-58 ,-55,-58,-61,-64,-81,-84,1
311,-61 ,-54,-64,-63,-68,-83,-81,1
312,-62 ,-57,-61,-63,-65,-83,-82,1
313,-67 ,-56,-65,-68,-69,-83,-82,1
314,-63 ,-57,-60,-64,-72,-80,-78,1
315,-62 ,-57,-63,-67,-66,-87,-80,1
316,-63 ,-57,-66,-66,-68,-83,-81,1
317,-62 ,-57,-59,-72,-73,-86,-82,1
318,-64 ,-66,-54,-67,-70,-83,-82,1
319,-62 ,-63,-57,-69,-71,-82,-82,1
320,-64 ,-64,-58,-75,-68,-82,-80,1
321,-64 ,-62,-57,-69,-67,-77,-81,1
322,-63 ,-63,-57,-68,-71,-79,-82,1
323,-61 ,-55,-58,-67,-69,-84,-86,1
324,-65 ,-51,-59,-61,-66,-81,-84,1
325,-61 ,-58,-60,-64,-73,-81,-82,1
326,-64 ,-55,-62,-66,-65,-85,-81,1
327,-62 ,-59,-59,-64,-65,-80,-81,1
328,-59 ,-55,-56,-64,-69,-83,-84,1
329,-64 ,-56,-60,-61,-67,-78,-85,1
330,-60 ,-56,-56,-64,-67,-84,-85,1
331,-58 ,-54,-59,-62,-68,-79,-87,1
332,-59 ,-52,-61,-57,-69,-83,-78,1
333,-56 ,-55,-56,-59,-64,-83,-83,1
334,-60 ,-56,-56,-63,-65,-80,-83,1
335,-59 ,-53,-64,-60,-68,-82,-81,1
336,-58 ,-52,-64,-64,-66,-88,-83,1
337,-59 ,-51,-64,-57,-69,-80,-80,1
338,-58 ,-50,-59,-58,-68,-80,-81,1
339,-61 ,-53,-53,-61,-63,-77,-81,1
340,-58 ,-50,-55,-54,-61,-84,-87,1
341,-60 ,-58,-56,-65,-68,-79,-86,1
342,-62 ,-56,-59,-58,-67,-78,-79,1
343,-62 ,-59,-62,-60,-68,-80,-89,1
344,-61 ,-58,-64,-61,-64,-78,-82,1
345,-61 ,-59,-62,-61,-66,-80,-88,1
346,-60 ,-51,-59,-63,-68,-81,-76,1
347,-60 ,-58,-57,-59,-66,-82,-83,1
348,-61 ,-54,-60,-62,-66,-79,-85,1
349,-59 ,-54,-60,-65,-66,-80,-90,1
350,-61 ,-59,-62,-65,-66,-81,-83,1
351,-61 ,-56,-61,-74,-69,-87,-89,1
352,-66 ,-55,-60,-69,-66,-85,-87,1
353,-64 ,-58,-60,-68,-66,-86,-88,1
354,-66 ,-58,-64,-67,-71,-85,-87,1
355,-62 ,-59,-62,-63,-65,-87,-87,1
356,-60 ,-56,-59,-66,-68,-81,-83,1
357,-59 ,-53,-58,-66,-65,-82,-78,1
358,-62 ,-54,-60,-61,-71,-86,-80,1
359,-61 ,-59,-54,-65,-66,-81,-89,1
360,-62 ,-57,-58,-63,-70,-85,-86,1
361,-63 ,-59,-57,-65,-69,-80,-86,1
362,-67 ,-61,-63,-65,-71,-81,-87,1
363,-64 ,-55,-60,-74,-66,-87,-87,1
364,-65 ,-57,-62,-70,-67,-85,-87,1
365,-64 ,-57,-60,-70,-69,-86,-83,1
366,-65 ,-58,-61,-71,-69,-87,-83,1
367,-64 ,-56,-61,-73,-66,-88,-83,1
368,-62 ,-57,-60,-64,-67,-80,-88,1
369,-60 ,-53,-60,-67,-64,-81,-79,1
370,-61 ,-60,-60,-65,-67,-82,-78,1
371,-63 ,-58,-62,-65,-68,-81,-74,1
372,-59 ,-56,-61,-66,-71,-83,-82,1
373,-63 ,-59,-61,-68,-71,-81,-87,1
374,-63 ,-58,-61,-67,-69,-86,-85,1
375,-64 ,-56,-58,-71,-69,-88,-84,1
376,-68 ,-51,-59,-67,-65,-80,-87,1
377,-63 ,-57,-63,-64,-67,-81,-83,1
378,-66 ,-57,-64,-61,-69,-82,-88,1
379,-64 ,-57,-60,-60,-65,-80,-91,1
380,-58 ,-50,-61,-68,-64,-85,-91,1
381,-59 ,-58,-62,-67,-65,-80,-83,1
382,-63 ,-61,-61,-63,-68,-82,-83,1
383,-65 ,-58,-61,-62,-71,-81,-86,1
384,-63 ,-59,-60,-65,-69,-81,-84,1
385,-65 ,-59,-61,-67,-70,-80,-83,1
386,-66 ,-57,-59,-64,-69,-82,-84,1
387,-62 ,-57,-60,-61,-69,-93,-90,1
388,-63 ,-58,-58,-64,-66,-81,-83,1
389,-62 ,-58,-58,-63,-68,-82,-84,1
390,-62 ,-56,-57,-64,-65,-85,-83,1
391,-62 ,-57,-56,-63,-66,-84,-82,1
392,-62 ,-55,-54,-62,-69,-79,-81,1
393,-62 ,-53,-59,-62,-66,-82,-87,1
394,-65 ,-56,-62,-62,-68,-83,-90,1
395,-65 ,-54,-60,-64,-65,-87,-82,1
396,-60 ,-53,-60,-61,-69,-81,-83,1
397,-59 ,-56,-62,-59,-67,-75,-78,1
398,-61 ,-52,-60,-61,-68,-80,-84,1
399,-64 ,-60,-63,-63,-72,-86,-84,1
400,-62 ,-51,-58,-65,-72,-80,-88,1
401,-60 ,-54,-56,-64,-70,-78,-80,1
402,-62 ,-53,-62,-64,-68,-79,-82,1
403,-63 ,-51,-57,-60,-66,-79,-82,1
404,-63 ,-51,-58,-63,-68,-81,-87,1
405,-66 ,-52,-63,-63,-68,-80,-87,1
406,-62 ,-58,-59,-59,-67,-80,-77,1
407,-62 ,-56,-61,-63,-65,-83,-89,1
408,-61 ,-51,-60,-63,-66,-82,-87,1
409,-62 ,-53,-64,-65,-69,-85,-85,1
410,-64 ,-55,-54,-64,-68,-89,-81,1
411,-65 ,-54,-56,-64,-66,-79,-81,1
412,-66 ,-56,-59,-62,-67,-80,-78,1
413,-60 ,-62,-66,-66,-71,-84,-85,1
414,-62 ,-64,-62,-65,-75,-82,-86,1
415,-61 ,-56,-63,-77,-67,-82,-96,1
416,-64 ,-52,-59,-59,-66,-86,-87,1
417,-60 ,-54,-59,-65,-66,-83,-84,1
418,-61 ,-58,-58,-62,-66,-81,-81,1
419,-62 ,-54,-60,-61,-70,-79,-81,1
420,-61 ,-57,-59,-62,-69,-78,-83,1
421,-64 ,-57,-63,-59,-68,-82,-83,1
422,-63 ,-57,-66,-63,-68,-82,-82,1
423,-58 ,-57,-66,-61,-68,-85,-83,1
424,-61 ,-56,-67,-61,-69,-82,-87,1
425,-60 ,-56,-67,-62,-69,-82,-86,1
426,-61 ,-56,-66,-65,-71,-85,-88,1
427,-60 ,-57,-66,-64,-70,-84,-88,1
428,-61 ,-56,-64,-61,-72,-83,-86,1
429,-60 ,-57,-63,-62,-72,-85,-86,1
430,-62 ,-60,-61,-66,-69,-80,-86,1
431,-64 ,-59,-62,-63,-69,-84,-81,1
432,-61 ,-58,-60,-62,-70,-81,-85,1
433,-65 ,-61,-63,-63,-69,-82,-84,1
434,-68 ,-56,-65,-67,-76,-87,-85,1
435,-67 ,-56,-60,-66,-73,-93,-87,1
436,-66 ,-55,-64,-71,-75,-94,-83,1
437,-65 ,-57,-63,-71,-76,-87,-86,1
438,-64 ,-56,-64,-71,-75,-87,-87,1
439,-64 ,-57,-63,-71,-77,-87,-83,1
440,-65 ,-58,-65,-65,-74,-89,-85,1
441,-67 ,-65,-67,-68,-75,-87,-84,1
442,-70 ,-62,-62,-67,-69,-88,-86,1
443,-64 ,-58,-60,-67,-68,-84,-81,1
444,-62 ,-53,-57,-60,-69,-87,-86,1
445,-61 ,-56,-60,-58,-67,-79,-82,1
446,-65 ,-54,-65,-70,-74,-83,-82,1
447,-67 ,-57,-67,-68,-75,-85,-80,1
448,-67 ,-55,-68,-67,-74,-83,-83,1
449,-68 ,-57,-66,-69,-76,-81,-82,1
450,-67 ,-56,-65,-66,-75,-83,-81,1
451,-68 ,-55,-66,-68,-75,-82,-83,1
452,-67 ,-57,-64,-68,-75,-82,-82,1
453,-68 ,-55,-73,-65,-76,-82,-82,1
454,-68 ,-55,-67,-70,-76,-82,-81,1
455,-68 ,-56,-66,-69,-75,-82,-83,1
456,-68 ,-57,-67,-68,-75,-83,-83,1
457,-67 ,-56,-67,-70,-74,-81,-82,1
458,-69 ,-59,-70,-67,-75,-82,-82,1
459,-63 ,-58,-59,-65,-74,-86,-84,1
460,-68 ,-55,-63,-61,-74,-79,-85,1
461,-67 ,-57,-60,-60,-75,-83,-87,1
462,-68 ,-57,-60,-61,-73,-87,-87,1
463,-66 ,-56,-60,-63,-74,-87,-93,1
464,-69 ,-58,-56,-61,-73,-81,-93,1
465,-66 ,-57,-61,-61,-73,-81,-90,1
466,-66 ,-57,-62,-61,-74,-81,-89,1
467,-65 ,-57,-60,-64,-74,-81,-90,1
468,-66 ,-57,-60,-68,-74,-82,-88,1
469,-66 ,-57,-64,-62,-68,-87,-88,1
470,-63 ,-57,-64,-69,-75,-85,-83,1
471,-66 ,-58,-64,-63,-73,-83,-86,1
472,-62 ,-58,-62,-65,-75,-90,-81,1
473,-62 ,-59,-62,-63,-74,-86,-81,1
474,-66 ,-58,-61,-63,-73,-81,-85,1
475,-66 ,-60,-62,-62,-70,-82,-85,1
476,-60 ,-52,-59,-65,-66,-82,-80,1
477,-61 ,-59,-58,-62,-65,-78,-78,1
478,-60 ,-57,-58,-59,-70,-76,-80,1
479,-62 ,-52,-56,-63,-64,-78,-81,1
480,-58 ,-56,-51,-59,-65,-81,-84,1
481,-59 ,-57,-60,-58,-67,-80,-79,1
482,-59 ,-57,-60,-60,-63,-81,-77,1
483,-55 ,-53,-57,-67,-64,-80,-78,1
484,-57 ,-53,-54,-61,-73,-86,-81,1
485,-62 ,-52,-59,-62,-64,-80,-81,1
486,-61 ,-55,-56,-66,-73,-79,-80,1
487,-62 ,-55,-64,-61,-60,-81,-77,1
488,-60 ,-51,-61,-63,-64,-86,-81,1
489,-60 ,-59,-55,-66,-66,-82,-86,1
490,-61 ,-54,-60,-60,-64,-79,-81,1
491,-59 ,-52,-58,-65,-66,-82,-80,1
492,-64 ,-52,-57,-61,-66,-82,-81,1
493,-64 ,-50,-55,-63,-66,-78,-82,1
494,-61 ,-53,-52,-60,-72,-75,-81,1
495,-61 ,-52,-58,-59,-70,-76,-79,1
496,-62 ,-53,-55,-60,-68,-76,-79,1
497,-62 ,-51,-54,-60,-74,-74,-82,1
498,-61 ,-57,-58,-62,-67,-78,-76,1
499,-59 ,-50,-56,-59,-62,-78,-79,1
500,-59 ,-49,-57,-58,-65,-76,-79,1
501,-42 ,-53,-62,-38,-66,-65,-69,2
502,-44 ,-55,-61,-41,-66,-72,-68,2
503,-41 ,-58,-56,-40,-73,-69,-73,2
504,-40 ,-55,-56,-41,-70,-74,-73,2
505,-38 ,-55,-53,-37,-72,-71,-73,2
506,-38 ,-54,-56,-45,-56,-72,-68,2
507,-38 ,-52,-54,-38,-64,-73,-77,2
508,-37 ,-59,-57,-38,-69,-68,-73,2
509,-37 ,-61,-61,-37,-71,-68,-73,2
510,-37 ,-56,-56,-38,-68,-70,-66,2
511,-37 ,-59,-57,-43,-73,-65,-66,2
512,-39 ,-54,-61,-43,-75,-64,-74,2
513,-42 ,-57,-61,-43,-73,-67,-66,2
514,-40 ,-56,-58,-42,-67,-62,-71,2
515,-41 ,-56,-54,-41,-76,-65,-68,2
516,-43 ,-55,-55,-39,-69,-67,-71,2
517,-41 ,-56,-56,-38,-72,-67,-70,2
518,-41 ,-56,-60,-39,-72,-74,-66,2
519,-44 ,-52,-60,-37,-66,-67,-73,2
520,-43 ,-55,-63,-37,-64,-67,-76,2
521,-40 ,-59,-57,-43,-74,-65,-66,2
522,-38 ,-57,-61,-38,-69,-73,-70,2
523,-39 ,-62,-58,-37,-69,-73,-72,2
524,-35 ,-58,-61,-38,-67,-71,-71,2
525,-26 ,-55,-55,-38,-71,-71,-70,2
526,-38 ,-58,-59,-41,-65,-68,-74,2
527,-27 ,-55,-57,-37,-67,-71,-71,2
528,-19 ,-59,-67,-35,-65,-66,-74,2
529,-18 ,-63,-62,-38,-72,-71,-73,2
530,-14 ,-58,-60,-38,-74,-74,-73,2
531,-17 ,-66,-61,-37,-68,-75,-77,2
532,-16 ,-70,-58,-14,-73,-71,-80,2
533,-19 ,-62,-56,-13,-74,-72,-77,2
534,-18 ,-62,-56,-15,-71,-70,-79,2
535,-18 ,-62,-59,-14,-73,-71,-78,2
536,-17 ,-63,-60,-14,-72,-72,-77,2
537,-17 ,-61,-60,-15,-72,-69,-79,2
538,-17 ,-74,-60,-15,-73,-71,-80,2
539,-16 ,-59,-60,-35,-69,-81,-78,2
540,-12 ,-60,-62,-14,-71,-77,-71,2
541,-16 ,-58,-58,-13,-68,-76,-90,2
542,-21 ,-61,-62,-16,-76,-74,-74,2
543,-36 ,-57,-60,-20,-71,-74,-74,2
544,-39 ,-56,-58,-37,-64,-76,-72,2
545,-36 ,-57,-61,-38,-63,-79,-71,2
546,-38 ,-60,-57,-38,-65,-79,-76,2
547,-38 ,-55,-54,-42,-63,-78,-71,2
548,-38 ,-58,-53,-40,-63,-77,-70,2
549,-37 ,-61,-54,-37,-66,-74,-75,2
550,-41 ,-57,-51,-40,-66,-78,-71,2
551,-41 ,-53,-49,-38,-71,-69,-75,2
552,-42 ,-53,-50,-47,-66,-80,-69,2
553,-47 ,-55,-52,-49,-59,-78,-71,2
554,-41 ,-58,-53,-38,-65,-79,-72,2
555,-45 ,-58,-59,-42,-66,-81,-75,2
556,-41 ,-59,-53,-40,-69,-80,-78,2
557,-46 ,-58,-59,-40,-71,-78,-76,2
558,-42 ,-55,-57,-38,-71,-71,-76,2
559,-42 ,-56,-50,-43,-68,-76,-77,2
560,-41 ,-58,-58,-42,-64,-79,-80,2
561,-39 ,-56,-55,-41,-62,-69,-75,2
562,-38 ,-53,-53,-43,-78,-69,-75,2
563,-45 ,-58,-55,-38,-68,-76,-75,2
564,-40 ,-56,-53,-50,-71,-79,-78,2
565,-43 ,-58,-56,-41,-69,-79,-78,2
566,-45 ,-57,-58,-45,-77,-78,-80,2
567,-48 ,-58,-57,-45,-73,-86,-92,2
568,-38 ,-58,-60,-42,-66,-82,-79,2
569,-45 ,-58,-58,-40,-70,-86,-80,2
570,-40 ,-53,-56,-42,-69,-74,-78,2
571,-43 ,-60,-55,-46,-71,-76,-79,2
572,-41 ,-59,-54,-41,-58,-80,-80,2
573,-43 ,-59,-54,-39,-63,-79,-87,2
574,-39 ,-54,-53,-45,-68,-78,-81,2
575,-48 ,-56,-54,-39,-67,-78,-82,2
576,-43 ,-58,-56,-43,-67,-78,-82,2
577,-41 ,-57,-55,-43,-65,-71,-76,2
578,-39 ,-56,-54,-48,-61,-78,-67,2
579,-38 ,-54,-50,-42,-60,-71,-67,2
580,-38 ,-56,-53,-47,-61,-72,-83,2
581,-39 ,-56,-55,-39,-68,-74,-73,2
582,-38 ,-50,-71,-39,-68,-78,-74,2
583,-38 ,-57,-60,-39,-68,-73,-74,2
584,-37 ,-50,-53,-42,-65,-72,-71,2
585,-40 ,-50,-49,-51,-65,-75,-80,2
586,-38 ,-52,-56,-44,-65,-71,-75,2
587,-38 ,-51,-54,-45,-67,-72,-76,2
588,-40 ,-55,-47,-47,-64,-75,-79,2
589,-39 ,-56,-53,-40,-69,-75,-72,2
590,-43 ,-58,-50,-45,-71,-68,-74,2
591,-40 ,-53,-50,-40,-60,-69,-74,2
592,-38 ,-58,-59,-37,-66,-74,-67,2
593,-38 ,-63,-61,-43,-64,-76,-76,2
594,-37 ,-56,-58,-39,-66,-70,-72,2
595,-20 ,-63,-61,-35,-70,-73,-71,2
596,-39 ,-57,-55,-37,-67,-70,-73,2
597,-35 ,-58,-59,-40,-75,-75,-73,2
598,-19 ,-59,-55,-37,-73,-72,-66,2
599,-20 ,-56,-55,-37,-61,-79,-72,2
600,-35 ,-54,-55,-40,-61,-79,-73,2
601,-19 ,-60,-56,-36,-63,-70,-75,2
602,-15 ,-60,-59,-37,-65,-74,-73,2
603,-18 ,-60,-59,-17,-68,-75,-75,2
604,-19 ,-63,-66,-20,-79,-73,-72,2
605,-14 ,-59,-64,-16,-79,-76,-72,2
606,-13 ,-63,-65,-16,-74,-73,-74,2
607,-13 ,-60,-63,-18,-70,-73,-73,2
608,-12 ,-60,-68,-15,-74,-73,-70,2
609,-12 ,-64,-63,-18,-69,-72,-74,2
610,-17 ,-63,-65,-27,-86,-72,-74,2
611,-27 ,-59,-56,-38,-62,-75,-79,2
612,-41 ,-58,-66,-41,-73,-71,-79,2
613,-39 ,-54,-55,-37,-71,-64,-67,2
614,-38 ,-56,-55,-39,-75,-71,-75,2
615,-38 ,-62,-57,-41,-77,-65,-68,2
616,-41 ,-57,-64,-42,-74,-69,-70,2
617,-43 ,-59,-63,-40,-74,-66,-64,2
618,-44 ,-58,-63,-39,-80,-71,-72,2
619,-45 ,-58,-63,-45,-80,-76,-65,2
620,-44 ,-57,-64,-40,-75,-69,-64,2
621,-42 ,-58,-63,-41,-75,-69,-67,2
622,-44 ,-57,-62,-41,-75,-65,-68,2
623,-45 ,-58,-62,-40,-73,-70,-67,2
624,-41 ,-59,-65,-47,-75,-68,-66,2
625,-40 ,-63,-67,-40,-75,-70,-70,2
626,-40 ,-56,-57,-35,-84,-70,-66,2
627,-36 ,-60,-57,-37,-68,-66,-77,2
628,-36 ,-59,-57,-19,-70,-69,-75,2
629,-17 ,-59,-63,-15,-70,-76,-85,2
630,-35 ,-57,-54,-35,-64,-78,-76,2
631,-39 ,-54,-55,-37,-61,-77,-79,2
632,-42 ,-56,-52,-36,-75,-68,-81,2
633,-39 ,-51,-64,-38,-71,-78,-78,2
634,-43 ,-53,-53,-38,-63,-76,-73,2
635,-40 ,-56,-56,-38,-66,-77,-74,2
636,-41 ,-59,-53,-40,-62,-72,-76,2
637,-42 ,-59,-57,-51,-62,-72,-76,2
638,-49 ,-62,-59,-43,-78,-79,-81,2
639,-48 ,-61,-58,-44,-75,-80,-89,2
640,-50 ,-54,-60,-43,-74,-76,-77,2
641,-49 ,-56,-58,-42,-77,-76,-78,2
642,-51 ,-57,-59,-45,-77,-75,-81,2
643,-50 ,-58,-57,-42,-76,-74,-80,2
644,-48 ,-58,-58,-44,-71,-77,-79,2
645,-50 ,-55,-58,-43,-73,-75,-80,2
646,-50 ,-56,-63,-45,-71,-76,-78,2
647,-50 ,-57,-58,-44,-82,-75,-78,2
648,-50 ,-55,-59,-41,-82,-75,-78,2
649,-48 ,-63,-58,-44,-74,-79,-78,2
650,-45 ,-56,-60,-46,-81,-79,-75,2
651,-50 ,-57,-61,-50,-74,-83,-79,2
652,-50 ,-57,-57,-50,-70,-77,-80,2
653,-50 ,-55,-57,-48,-80,-81,-76,2
654,-49 ,-56,-60,-47,-72,-80,-79,2
655,-48 ,-57,-60,-44,-71,-85,-77,2
656,-49 ,-56,-59,-49,-74,-82,-80,2
657,-48 ,-63,-55,-42,-71,-81,-79,2
658,-44 ,-63,-67,-46,-63,-81,-78,2
659,-40 ,-59,-67,-50,-68,-79,-78,2
660,-40 ,-63,-64,-50,-64,-75,-78,2
661,-52 ,-60,-65,-48,-64,-79,-75,2
662,-42 ,-58,-65,-46,-71,-77,-73,2
663,-42 ,-61,-63,-44,-74,-76,-75,2
664,-43 ,-62,-66,-43,-73,-77,-76,2
665,-41 ,-60,-65,-51,-72,-74,-78,2
666,-44 ,-59,-63,-42,-72,-79,-80,2
667,-43 ,-60,-68,-46,-72,-83,-79,2
668,-40 ,-58,-60,-49,-72,-74,-80,2
669,-37 ,-54,-55,-38,-72,-76,-79,2
670,-38 ,-55,-57,-37,-64,-68,-73,2
671,-37 ,-56,-55,-38,-71,-75,-78,2
672,-40 ,-55,-66,-39,-75,-73,-78,2
673,-40 ,-56,-53,-42,-65,-72,-70,2
674,-40 ,-59,-57,-39,-67,-81,-74,2
675,-39 ,-56,-53,-49,-70,-80,-75,2
676,-42 ,-60,-56,-44,-74,-76,-80,2
677,-44 ,-54,-54,-45,-73,-71,-79,2
678,-44 ,-57,-53,-46,-67,-78,-79,2
679,-43 ,-55,-55,-44,-68,-76,-79,2
680,-39 ,-59,-57,-42,-75,-78,-74,2
681,-41 ,-57,-59,-44,-65,-76,-77,2
682,-42 ,-57,-51,-41,-69,-77,-75,2
683,-45 ,-58,-55,-46,-69,-75,-73,2
684,-49 ,-56,-58,-50,-64,-75,-73,2
685,-37 ,-58,-57,-37,-73,-75,-71,2
686,-35 ,-58,-55,-38,-61,-74,-79,2
687,-38 ,-55,-57,-41,-66,-73,-69,2
688,-38 ,-53,-53,-38,-66,-70,-69,2
689,-40 ,-50,-52,-48,-68,-73,-71,2
690,-37 ,-53,-51,-37,-66,-71,-75,2
691,-38 ,-56,-53,-28,-71,-67,-72,2
692,-38 ,-51,-53,-37,-67,-67,-68,2
693,-37 ,-56,-57,-39,-61,-72,-74,2
694,-37 ,-56,-53,-43,-63,-72,-77,2
695,-37 ,-59,-54,-39,-72,-75,-70,2
696,-37 ,-60,-53,-39,-65,-70,-68,2
697,-38 ,-58,-54,-38,-67,-72,-71,2
698,-37 ,-60,-52,-38,-65,-70,-70,2
699,-37 ,-60,-53,-37,-64,-68,-67,2
700,-38 ,-57,-55,-38,-62,-67,-65,2
701,-38 ,-56,-56,-37,-62,-67,-67,2
702,-37 ,-59,-55,-38,-65,-67,-68,2
703,-37 ,-60,-53,-38,-65,-67,-70,2
704,-37 ,-61,-55,-40,-63,-70,-67,2
705,-37 ,-58,-56,-38,-63,-75,-74,2
706,-38 ,-59,-52,-44,-69,-68,-76,2
707,-48 ,-58,-56,-38,-65,-67,-76,2
708,-45 ,-58,-65,-38,-65,-66,-70,2
709,-40 ,-58,-52,-41,-66,-63,-75,2
710,-38 ,-52,-59,-48,-67,-64,-75,2
711,-39 ,-55,-55,-47,-80,-66,-63,2
712,-37 ,-55,-57,-42,-63,-65,-64,2
713,-43 ,-53,-51,-42,-73,-71,-66,2
714,-42 ,-53,-50,-44,-71,-68,-64,2
715,-42 ,-54,-51,-47,-64,-70,-65,2
716,-42 ,-55,-49,-45,-64,-70,-65,2
717,-42 ,-54,-50,-45,-63,-68,-64,2
718,-42 ,-53,-49,-44,-74,-70,-65,2
719,-40 ,-54,-49,-43,-62,-70,-65,2
720,-40 ,-53,-50,-40,-62,-69,-65,2
721,-42 ,-54,-49,-41,-63,-69,-64,2
722,-40 ,-52,-51,-45,-64,-70,-65,2
723,-39 ,-53,-51,-40,-64,-67,-64,2
724,-40 ,-52,-50,-41,-64,-69,-66,2
725,-40 ,-55,-49,-40,-61,-69,-66,2
726,-40 ,-53,-49,-41,-71,-66,-65,2
727,-40 ,-52,-49,-41,-62,-69,-65,2
728,-40 ,-53,-53,-40,-64,-64,-73,2
729,-42 ,-54,-52,-40,-61,-73,-71,2
730,-41 ,-58,-48,-40,-62,-72,-76,2
731,-41 ,-55,-58,-43,-60,-71,-72,2
732,-40 ,-55,-52,-43,-60,-76,-72,2
733,-41 ,-55,-54,-40,-62,-71,-72,2
734,-39 ,-53,-51,-43,-70,-72,-70,2
735,-41 ,-52,-57,-41,-63,-73,-68,2
736,-41 ,-52,-55,-40,-62,-76,-64,2
737,-36 ,-60,-53,-35,-72,-71,-64,2
738,-37 ,-55,-55,-42,-69,-66,-69,2
739,-35 ,-56,-55,-36,-69,-67,-78,2
740,-37 ,-54,-55,-42,-63,-71,-78,2
741,-37 ,-51,-54,-43,-60,-69,-70,2
742,-36 ,-55,-53,-46,-63,-68,-71,2
743,-38 ,-54,-53,-42,-69,-72,-66,2
744,-36 ,-51,-67,-40,-63,-74,-68,2
745,-36 ,-56,-53,-43,-63,-65,-70,2
746,-35 ,-53,-55,-47,-61,-66,-71,2
747,-35 ,-53,-57,-46,-64,-65,-70,2
748,-35 ,-54,-59,-46,-62,-66,-70,2
749,-35 ,-53,-58,-44,-63,-68,-71,2
750,-36 ,-53,-57,-40,-66,-70,-69,2
751,-36 ,-56,-57,-46,-68,-68,-70,2
752,-37 ,-50,-56,-39,-67,-69,-70,2
753,-37 ,-49,-57,-42,-62,-64,-71,2
754,-36 ,-54,-53,-46,-63,-66,-76,2
755,-35 ,-59,-57,-42,-66,-71,-70,2
756,-37 ,-58,-60,-37,-75,-65,-67,2
757,-40 ,-54,-57,-42,-64,-67,-71,2
758,-44 ,-58,-58,-41,-75,-70,-64,2
759,-41 ,-57,-63,-40,-73,-66,-65,2
760,-37 ,-56,-55,-45,-64,-61,-69,2
761,-41 ,-58,-54,-42,-71,-65,-71,2
762,-40 ,-55,-56,-36,-64,-65,-66,2
763,-40 ,-57,-58,-38,-64,-74,-79,2
764,-39 ,-51,-57,-36,-64,-65,-71,2
765,-35 ,-57,-59,-36,-63,-74,-75,2
766,-35 ,-57,-53,-34,-64,-76,-76,2
767,-19 ,-57,-59,-38,-66,-72,-71,2
768,-15 ,-58,-56,-15,-74,-76,-71,2
769,-14 ,-54,-57,-15,-69,-82,-71,2
770,-10 ,-57,-57,-36,-73,-82,-72,2
771,-14 ,-55,-57,-34,-67,-71,-72,2
772,-14 ,-55,-58,-36,-67,-72,-74,2
773,-15 ,-55,-57,-16,-71,-72,-74,2
774,-16 ,-55,-56,-15,-64,-78,-76,2
775,-17 ,-53,-57,-17,-70,-77,-73,2
776,-34 ,-55,-58,-15,-65,-73,-72,2
777,-34 ,-54,-61,-34,-70,-72,-73,2
778,-35 ,-55,-52,-14,-71,-69,-82,2
779,-18 ,-50,-57,-36,-62,-66,-71,2
780,-27 ,-60,-56,-18,-65,-68,-72,2
781,-18 ,-57,-63,-16,-72,-73,-66,2
782,-18 ,-57,-63,-34,-72,-65,-75,2
783,-37 ,-56,-58,-45,-65,-67,-72,2
784,-35 ,-58,-50,-35,-62,-72,-67,2
785,-37 ,-51,-56,-36,-62,-72,-71,2
786,-38 ,-55,-51,-43,-64,-73,-73,2
787,-38 ,-55,-51,-41,-72,-70,-73,2
788,-43 ,-55,-54,-42,-58,-71,-72,2
789,-40 ,-57,-57,-43,-68,-89,-72,2
790,-39 ,-56,-53,-46,-57,-73,-77,2
791,-36 ,-57,-52,-40,-66,-75,-75,2
792,-40 ,-55,-57,-37,-71,-79,-77,2
793,-46 ,-54,-53,-48,-71,-78,-73,2
794,-40 ,-57,-51,-46,-65,-75,-79,2
795,-48 ,-56,-55,-46,-65,-86,-79,2
796,-45 ,-59,-54,-51,-69,-77,-85,2
797,-46 ,-58,-56,-43,-70,-72,-80,2
798,-39 ,-54,-56,-40,-70,-77,-78,2
799,-41 ,-58,-60,-47,-70,-82,-74,2
800,-40 ,-54,-54,-45,-71,-76,-74,2
801,-42 ,-55,-56,-43,-73,-76,-75,2
802,-41 ,-60,-54,-43,-73,-80,-74,2
803,-42 ,-54,-55,-49,-67,-80,-74,2
804,-40 ,-55,-57,-50,-66,-75,-73,2
805,-42 ,-55,-57,-44,-69,-73,-77,2
806,-45 ,-55,-54,-43,-71,-89,-77,2
807,-46 ,-55,-54,-45,-62,-76,-73,2
808,-47 ,-58,-55,-45,-62,-79,-85,2
809,-46 ,-59,-55,-49,-69,-74,-84,2
810,-45 ,-57,-55,-48,-67,-77,-84,2
811,-46 ,-59,-54,-52,-67,-77,-83,2
812,-43 ,-55,-54,-47,-67,-77,-79,2
813,-39 ,-53,-56,-48,-66,-69,-72,2
814,-37 ,-52,-57,-36,-71,-66,-75,2
815,-42 ,-52,-54,-35,-65,-69,-73,2
816,-37 ,-50,-50,-36,-58,-69,-75,2
817,-38 ,-57,-50,-38,-60,-74,-69,2
818,-39 ,-55,-54,-48,-76,-73,-80,2
819,-49 ,-54,-55,-53,-66,-73,-80,2
820,-42 ,-54,-58,-41,-63,-75,-78,2
821,-40 ,-55,-53,-36,-60,-77,-77,2
822,-37 ,-56,-56,-35,-69,-73,-69,2
823,-40 ,-59,-59,-39,-73,-71,-72,2
824,-36 ,-58,-59,-36,-69,-71,-77,2
825,-40 ,-58,-57,-40,-74,-79,-77,2
826,-42 ,-51,-54,-41,-67,-72,-77,2
827,-41 ,-55,-53,-37,-64,-79,-76,2
828,-42 ,-54,-49,-41,-68,-71,-77,2
829,-38 ,-53,-51,-39,-68,-76,-72,2
830,-34 ,-48,-51,-37,-70,-78,-69,2
831,-34 ,-53,-59,-36,-75,-73,-69,2
832,-35 ,-56,-52,-36,-72,-69,-67,2
833,-36 ,-55,-55,-36,-60,-73,-72,2
834,-35 ,-54,-56,-34,-61,-71,-74,2
835,-35 ,-54,-54,-35,-59,-73,-70,2
836,-36 ,-54,-54,-36,-62,-71,-70,2
837,-34 ,-57,-55,-35,-59,-71,-69,2
838,-36 ,-58,-52,-26,-61,-70,-70,2
839,-34 ,-61,-52,-27,-61,-67,-69,2
840,-35 ,-56,-57,-34,-60,-73,-80,2
841,-34 ,-61,-61,-36,-60,-73,-76,2
842,-35 ,-59,-57,-27,-61,-71,-76,2
843,-35 ,-60,-54,-35,-61,-81,-80,2
844,-36 ,-60,-53,-36,-63,-70,-77,2
845,-34 ,-62,-57,-36,-61,-71,-71,2
846,-36 ,-59,-57,-35,-61,-65,-80,2
847,-37 ,-59,-57,-36,-64,-66,-70,2
848,-36 ,-59,-55,-36,-65,-66,-70,2
849,-36 ,-59,-55,-40,-65,-66,-69,2
850,-35 ,-55,-56,-37,-66,-65,-69,2
851,-34 ,-55,-55,-36,-62,-70,-71,2
852,-35 ,-58,-55,-36,-62,-70,-73,2
853,-41 ,-58,-53,-43,-61,-70,-70,2
854,-37 ,-56,-58,-36,-80,-72,-70,2
855,-36 ,-60,-57,-37,-80,-72,-72,2
856,-36 ,-56,-62,-36,-80,-71,-69,2
857,-35 ,-53,-62,-35,-68,-70,-69,2
858,-36 ,-61,-57,-27,-71,-73,-70,2
859,-13 ,-54,-57,-21,-77,-72,-72,2
860,-12 ,-54,-54,-11,-70,-75,-74,2
861,-17 ,-56,-54,-36,-66,-73,-77,2
862,-18 ,-53,-60,-17,-71,-74,-71,2
863,-36 ,-54,-56,-16,-61,-64,-79,2
864,-36 ,-55,-65,-34,-66,-70,-74,2
865,-36 ,-54,-57,-34,-60,-69,-75,2
866,-39 ,-57,-54,-38,-56,-70,-72,2
867,-26 ,-57,-53,-37,-67,-72,-69,2
868,-17 ,-57,-55,-15,-62,-68,-70,2
869,-17 ,-56,-57,-35,-71,-69,-74,2
870,-11 ,-63,-65,-18,-70,-72,-73,2
871,-10 ,-58,-54,-18,-70,-72,-73,2
872,-12 ,-55,-57,-16,-70,-76,-75,2
873,-12 ,-56,-58,-16,-70,-75,-79,2
874,-10 ,-58,-62,-20,-73,-76,-74,2
875,-13 ,-55,-55,-21,-70,-73,-77,2
876,-36 ,-55,-50,-41,-66,-72,-69,2
877,-35 ,-52,-55,-38,-62,-66,-85,2
878,-38 ,-54,-52,-36,-63,-65,-70,2
879,-39 ,-52,-53,-36,-61,-67,-70,2
880,-40 ,-53,-55,-37,-71,-75,-74,2
881,-40 ,-54,-52,-38,-60,-69,-75,2
882,-38 ,-54,-51,-37,-66,-74,-76,2
883,-37 ,-58,-55,-38,-60,-74,-76,2
884,-41 ,-53,-56,-36,-62,-75,-77,2
885,-43 ,-56,-59,-37,-64,-74,-77,2
886,-36 ,-55,-59,-37,-63,-70,-73,2
887,-48 ,-53,-60,-36,-58,-73,-77,2
888,-48 ,-53,-56,-37,-59,-75,-83,2
889,-44 ,-52,-56,-47,-63,-71,-75,2
890,-38 ,-53,-54,-43,-70,-77,-75,2
891,-43 ,-54,-56,-40,-67,-70,-71,2
892,-40 ,-55,-53,-35,-64,-70,-82,2
893,-40 ,-54,-52,-39,-65,-70,-74,2
894,-43 ,-52,-55,-35,-61,-75,-76,2
895,-42 ,-53,-53,-42,-63,-72,-72,2
896,-40 ,-56,-53,-44,-69,-77,-79,2
897,-39 ,-58,-54,-39,-62,-71,-77,2
898,-37 ,-54,-54,-41,-64,-72,-78,2
899,-39 ,-52,-50,-39,-61,-75,-71,2
900,-41 ,-56,-50,-43,-66,-77,-76,2
901,-41 ,-54,-59,-41,-60,-76,-74,2
902,-42 ,-54,-54,-43,-59,-74,-72,2
903,-39 ,-57,-55,-42,-61,-74,-75,2
904,-42 ,-54,-56,-39,-63,-76,-78,2
905,-38 ,-56,-48,-39,-63,-70,-73,2
906,-39 ,-51,-50,-43,-63,-71,-66,2
907,-40 ,-50,-50,-37,-64,-71,-78,2
908,-37 ,-55,-56,-37,-67,-70,-66,2
909,-38 ,-54,-55,-36,-60,-71,-75,2
910,-42 ,-53,-62,-27,-63,-72,-79,2
911,-36 ,-51,-52,-37,-70,-71,-64,2
912,-36 ,-55,-54,-36,-67,-65,-73,2
913,-38 ,-60,-57,-39,-70,-70,-74,2
914,-36 ,-50,-58,-41,-74,-74,-69,2
915,-37 ,-58,-53,-43,-76,-66,-69,2
916,-38 ,-56,-52,-41,-76,-71,-66,2
917,-36 ,-56,-56,-37,-59,-66,-75,2
918,-36 ,-55,-54,-40,-71,-71,-71,2
919,-19 ,-53,-60,-37,-69,-72,-69,2
920,-37 ,-53,-54,-37,-67,-79,-72,2
921,-36 ,-57,-58,-36,-62,-74,-73,2
922,-36 ,-55,-53,-35,-64,-72,-66,2
923,-37 ,-53,-56,-35,-74,-76,-79,2
924,-37 ,-57,-55,-40,-75,-71,-64,2
925,-35 ,-58,-54,-36,-69,-69,-73,2
926,-36 ,-57,-56,-37,-69,-77,-72,2
927,-36 ,-58,-56,-39,-62,-67,-73,2
928,-19 ,-60,-54,-35,-69,-69,-78,2
929,-17 ,-62,-54,-22,-65,-70,-72,2
930,-34 ,-53,-52,-19,-65,-75,-69,2
931,-15 ,-55,-62,-25,-71,-67,-68,2
932,-14 ,-56,-57,-35,-68,-77,-72,2
933,-11 ,-59,-60,-27,-70,-74,-71,2
934,-34 ,-53,-56,-18,-70,-76,-75,2
935,-36 ,-54,-56,-35,-61,-70,-79,2
936,-36 ,-52,-59,-38,-64,-72,-74,2
937,-38 ,-55,-56,-42,-66,-72,-75,2
938,-38 ,-54,-53,-36,-66,-73,-75,2
939,-36 ,-53,-50,-37,-70,-72,-72,2
940,-38 ,-50,-49,-42,-69,-73,-77,2
941,-38 ,-53,-52,-40,-63,-73,-77,2
942,-41 ,-54,-52,-37,-68,-73,-77,2
943,-46 ,-51,-51,-36,-67,-73,-76,2
944,-40 ,-53,-51,-37,-78,-73,-77,2
945,-45 ,-53,-51,-36,-78,-72,-76,2
946,-44 ,-52,-51,-36,-78,-72,-77,2
947,-44 ,-53,-52,-36,-70,-72,-76,2
948,-40 ,-54,-52,-35,-68,-71,-76,2
949,-39 ,-59,-49,-37,-68,-70,-72,2
950,-39 ,-52,-56,-36,-64,-68,-69,2
951,-38 ,-55,-56,-36,-64,-70,-66,2
952,-38 ,-56,-48,-39,-71,-72,-71,2
953,-37 ,-57,-51,-39,-71,-71,-72,2
954,-40 ,-58,-49,-41,-75,-71,-70,2
955,-40 ,-57,-47,-42,-64,-74,-71,2
956,-40 ,-58,-47,-41,-65,-73,-70,2
957,-40 ,-70,-47,-43,-69,-73,-84,2
958,-40 ,-57,-47,-42,-69,-73,-70,2
959,-38 ,-52,-50,-41,-69,-68,-72,2
960,-37 ,-54,-53,-36,-65,-76,-72,2
961,-36 ,-54,-54,-37,-66,-75,-71,2
962,-36 ,-58,-54,-27,-67,-73,-78,2
963,-36 ,-54,-52,-20,-66,-70,-74,2
964,-37 ,-57,-51,-39,-70,-76,-72,2
965,-35 ,-51,-53,-37,-63,-72,-76,2
966,-38 ,-51,-53,-38,-63,-72,-73,2
967,-37 ,-54,-55,-37,-67,-71,-70,2
968,-36 ,-52,-55,-36,-69,-64,-70,2
969,-37 ,-54,-47,-36,-63,-70,-70,2
970,-46 ,-52,-46,-39,-74,-71,-78,2
971,-44 ,-50,-57,-45,-61,-72,-67,2
972,-40 ,-52,-53,-39,-61,-75,-73,2
973,-43 ,-55,-50,-39,-61,-69,-73,2
974,-43 ,-55,-52,-42,-60,-74,-67,2
975,-43 ,-54,-55,-41,-68,-71,-74,2
976,-43 ,-47,-50,-45,-65,-66,-69,2
977,-37 ,-46,-51,-39,-63,-69,-69,2
978,-36 ,-55,-51,-37,-75,-71,-70,2
979,-38 ,-59,-61,-36,-68,-69,-73,2
980,-36 ,-55,-58,-37,-76,-72,-69,2
981,-37 ,-53,-57,-38,-71,-68,-64,2
982,-34 ,-60,-52,-37,-71,-66,-75,2
983,-34 ,-54,-56,-42,-68,-76,-75,2
984,-39 ,-57,-50,-35,-63,-70,-79,2
985,-39 ,-48,-51,-38,-63,-69,-89,2
986,-38 ,-52,-62,-37,-69,-73,-71,2
987,-42 ,-52,-56,-43,-64,-76,-74,2
988,-39 ,-54,-55,-37,-64,-70,-70,2
989,-43 ,-57,-52,-40,-58,-72,-70,2
990,-40 ,-54,-53,-36,-61,-77,-74,2
991,-37 ,-55,-55,-40,-73,-72,-74,2
992,-38 ,-58,-62,-41,-64,-76,-73,2
993,-43 ,-54,-59,-40,-68,-76,-74,2
994,-45 ,-52,-59,-43,-71,-74,-79,2
995,-45 ,-57,-59,-43,-71,-74,-79,2
996,-47 ,-60,-56,-48,-85,-85,-81,2
997,-50 ,-56,-55,-47,-63,-86,-77,2
998,-48 ,-57,-56,-49,-64,-87,-76,2
999,-46 ,-57,-55,-44,-65,-86,-77,2
1000,-45 ,-58,-54,-46,-69,-87,-77,2
1001,-48 ,-54,-50,-49,-61,-81,-84,3
1002,-54 ,-53,-54,-50,-63,-79,-77,3
1003,-50 ,-56,-54,-50,-71,-79,-77,3
1004,-49 ,-57,-52,-51,-60,-89,-83,3
1005,-48 ,-52,-54,-47,-61,-80,-86,3
1006,-46 ,-56,-53,-53,-61,-87,-77,3
1007,-52 ,-56,-58,-48,-59,-87,-92,3
1008,-45 ,-51,-59,-53,-62,-82,-85,3
1009,-46 ,-56,-57,-55,-66,-82,-85,3
1010,-49 ,-53,-55,-46,-59,-81,-93,3
1011,-49 ,-52,-58,-46,-57,-77,-77,3
1012,-49 ,-49,-53,-47,-57,-80,-77,3
1013,-50 ,-49,-54,-48,-62,-79,-75,3
1014,-56 ,-51,-47,-51,-71,-79,-75,3
1015,-60 ,-50,-49,-54,-71,-83,-82,3
1016,-60 ,-54,-50,-50,-60,-84,-85,3
1017,-48 ,-56,-50,-45,-61,-80,-80,3
1018,-49 ,-49,-53,-48,-63,-84,-88,3
1019,-48 ,-50,-55,-50,-66,-78,-75,3
1020,-53 ,-55,-55,-53,-66,-79,-86,3
1021,-46 ,-58,-54,-49,-62,-81,-88,3
1022,-46 ,-56,-54,-49,-63,-81,-82,3
1023,-47 ,-54,-55,-47,-66,-78,-86,3
1024,-47 ,-53,-49,-49,-66,-76,-80,3
1025,-45 ,-54,-48,-49,-65,-78,-81,3
1026,-45 ,-53,-55,-49,-63,-78,-81,3
1027,-46 ,-54,-53,-48,-64,-78,-79,3
1028,-45 ,-54,-54,-48,-63,-78,-82,3
1029,-45 ,-53,-55,-50,-63,-83,-82,3
1030,-45 ,-55,-54,-47,-63,-78,-80,3
1031,-46 ,-53,-54,-46,-63,-79,-82,3
1032,-46 ,-52,-54,-47,-64,-79,-81,3
1033,-46 ,-60,-54,-48,-63,-80,-83,3
1034,-46 ,-54,-53,-47,-63,-85,-80,3
1035,-47 ,-55,-55,-49,-67,-85,-80,3
1036,-46 ,-58,-55,-49,-64,-78,-84,3
1037,-46 ,-60,-56,-47,-66,-83,-85,3
1038,-49 ,-52,-61,-52,-61,-82,-88,3
1039,-48 ,-55,-58,-49,-67,-83,-88,3
1040,-48 ,-52,-52,-56,-68,-81,-84,3
1041,-49 ,-51,-58,-45,-65,-83,-84,3
1042,-52 ,-60,-59,-40,-60,-81,-81,3
1043,-52 ,-56,-56,-41,-63,-77,-80,3
1044,-48 ,-57,-54,-50,-66,-83,-78,3
1045,-49 ,-53,-51,-53,-67,-81,-83,3
1046,-48 ,-53,-51,-50,-66,-79,-86,3
1047,-47 ,-55,-54,-50,-72,-80,-88,3
1048,-49 ,-52,-56,-48,-55,-81,-82,3
1049,-53 ,-54,-59,-54,-62,-81,-82,3
1050,-55 ,-51,-52,-48,-60,-78,-86,3
1051,-49 ,-52,-57,-54,-59,-85,-88,3
1052,-54 ,-55,-52,-50,-58,-78,-86,3
1053,-51 ,-56,-51,-58,-58,-80,-86,3
1054,-51 ,-51,-52,-57,-56,-81,-77,3
1055,-46 ,-54,-50,-54,-59,-81,-77,3
1056,-49 ,-53,-50,-55,-59,-80,-87,3
1057,-48 ,-50,-54,-51,-59,-77,-75,3
1058,-49 ,-53,-53,-51,-64,-79,-80,3
1059,-48 ,-53,-50,-55,-66,-83,-82,3
1060,-50 ,-57,-53,-49,-67,-83,-82,3
1061,-45 ,-59,-56,-54,-64,-84,-78,3
1062,-50 ,-57,-60,-43,-66,-77,-82,3
1063,-46 ,-53,-52,-45,-62,-79,-78,3
1064,-47 ,-53,-55,-57,-62,-80,-78,3
1065,-48 ,-55,-54,-48,-67,-85,-81,3
1066,-44 ,-53,-55,-48,-66,-79,-86,3
1067,-43 ,-55,-53,-52,-60,-78,-86,3
1068,-50 ,-56,-56,-60,-60,-78,-86,3
1069,-50 ,-58,-54,-51,-60,-80,-82,3
1070,-51 ,-56,-51,-55,-62,-85,-83,3
1071,-47 ,-54,-49,-52,-58,-79,-86,3
1072,-54 ,-59,-52,-63,-62,-76,-81,3
1073,-52 ,-57,-51,-55,-65,-85,-85,3
1074,-52 ,-57,-61,-59,-59,-85,-85,3
1075,-52 ,-48,-56,-53,-62,-78,-81,3
1076,-49 ,-55,-51,-49,-63,-81,-73,3
1077,-46 ,-48,-52,-52,-62,-77,-80,3
1078,-45 ,-56,-57,-47,-61,-76,-78,3
1079,-48 ,-55,-58,-52,-64,-92,-79,3
1080,-49 ,-52,-48,-52,-62,-78,-75,3
1081,-49 ,-50,-51,-50,-62,-75,-75,3
1082,-49 ,-55,-48,-49,-62,-79,-84,3
1083,-50 ,-56,-48,-48,-63,-80,-91,3
1084,-50 ,-58,-51,-52,-60,-81,-79,3
1085,-49 ,-52,-46,-48,-60,-79,-80,3
1086,-52 ,-52,-49,-49,-58,-77,-84,3
1087,-45 ,-50,-52,-53,-61,-75,-79,3
1088,-49 ,-52,-48,-44,-59,-80,-78,3
1089,-47 ,-58,-49,-45,-66,-85,-79,3
1090,-51 ,-52,-49,-50,-63,-79,-79,3
1091,-49 ,-51,-53,-41,-64,-77,-79,3
1092,-49 ,-52,-54,-52,-60,-83,-79,3
1093,-50 ,-56,-53,-40,-65,-86,-80,3
1094,-47 ,-58,-56,-44,-64,-80,-85,3
1095,-47 ,-53,-54,-49,-63,-88,-85,3
1096,-50 ,-57,-54,-44,-67,-85,-85,3
1097,-46 ,-57,-52,-43,-69,-86,-85,3
1098,-45 ,-50,-57,-49,-63,-81,-82,3
1099,-48 ,-59,-53,-45,-74,-81,-81,3
1100,-46 ,-55,-58,-47,-64,-78,-78,3
1101,-51 ,-55,-54,-49,-60,-79,-84,3
1102,-51 ,-58,-51,-51,-62,-79,-86,3
1103,-53 ,-59,-51,-41,-59,-78,-77,3
1104,-49 ,-54,-55,-49,-63,-81,-87,3
1105,-52 ,-52,-57,-45,-67,-81,-86,3
1106,-50 ,-55,-51,-57,-58,-86,-86,3
1107,-45 ,-53,-50,-49,-67,-75,-77,3
1108,-49 ,-55,-49,-49,-60,-80,-79,3
1109,-46 ,-53,-54,-52,-64,-79,-84,3
1110,-46 ,-49,-51,-45,-62,-79,-79,3
1111,-54 ,-52,-53,-43,-68,-79,-79,3
1112,-51 ,-55,-50,-50,-59,-79,-85,3
1113,-48 ,-60,-57,-52,-61,-85,-84,3
1114,-51 ,-63,-55,-54,-69,-84,-79,3
1115,-52 ,-64,-54,-56,-70,-84,-78,3
1116,-52 ,-64,-54,-54,-68,-85,-79,3
1117,-52 ,-62,-55,-52,-67,-83,-75,3
1118,-52 ,-60,-52,-54,-66,-85,-79,3
1119,-51 ,-60,-55,-53,-72,-85,-78,3
1120,-50 ,-59,-55,-47,-72,-79,-80,3
1121,-51 ,-52,-56,-56,-63,-79,-80,3
1122,-51 ,-55,-51,-49,-61,-82,-81,3
1123,-53 ,-52,-51,-53,-64,-80,-81,3
1124,-51 ,-51,-52,-52,-63,-84,-78,3
1125,-52 ,-52,-52,-49,-62,-80,-80,3
1126,-51 ,-52,-51,-54,-61,-79,-76,3
1127,-51 ,-54,-52,-57,-62,-79,-79,3
1128,-50 ,-59,-53,-54,-65,-77,-78,3
1129,-53 ,-59,-48,-57,-66,-80,-77,3
1130,-52 ,-57,-50,-52,-65,-79,-77,3
1131,-51 ,-57,-51,-51,-65,-80,-80,3
1132,-52 ,-57,-50,-51,-65,-79,-79,3
1133,-52 ,-57,-49,-50,-66,-80,-80,3
1134,-52 ,-56,-50,-56,-66,-81,-80,3
1135,-52 ,-56,-50,-56,-69,-79,-78,3
1136,-53 ,-58,-50,-52,-66,-78,-79,3
1137,-53 ,-56,-50,-50,-67,-80,-81,3
1138,-49 ,-56,-49,-52,-64,-83,-80,3
1139,-52 ,-56,-47,-53,-61,-78,-79,3
1140,-52 ,-57,-50,-52,-60,-78,-79,3
1141,-53 ,-56,-46,-51,-62,-80,-80,3
1142,-53 ,-57,-50,-54,-60,-80,-81,3
1143,-52 ,-56,-50,-52,-60,-80,-80,3
1144,-52 ,-56,-50,-54,-59,-79,-80,3
1145,-52 ,-58,-51,-53,-60,-80,-80,3
1146,-52 ,-55,-56,-51,-69,-85,-85,3
1147,-50 ,-55,-54,-50,-69,-79,-82,3
1148,-53 ,-55,-54,-51,-69,-79,-81,3
1149,-52 ,-56,-53,-53,-70,-80,-78,3
1150,-50 ,-52,-53,-53,-67,-86,-85,3
1151,-49 ,-58,-55,-52,-60,-83,-84,3
1152,-50 ,-49,-52,-56,-69,-80,-81,3
1153,-46 ,-56,-52,-51,-62,-85,-81,3
1154,-48 ,-53,-54,-45,-61,-86,-83,3
1155,-50 ,-56,-53,-52,-68,-84,-77,3
1156,-50 ,-52,-52,-56,-67,-80,-89,3
1157,-51 ,-53,-52,-55,-68,-78,-91,3
1158,-51 ,-60,-52,-52,-67,-79,-91,3
1159,-51 ,-52,-51,-51,-64,-79,-89,3
1160,-52 ,-52,-50,-49,-66,-77,-88,3
1161,-50 ,-52,-52,-47,-65,-77,-89,3
1162,-51 ,-52,-51,-51,-65,-77,-89,3
1163,-51 ,-52,-51,-47,-65,-76,-87,3
1164,-51 ,-53,-49,-51,-65,-77,-89,3
1165,-51 ,-51,-51,-51,-65,-78,-88,3
1166,-51 ,-52,-51,-50,-69,-77,-88,3
1167,-52 ,-53,-49,-50,-69,-79,-87,3
1168,-51 ,-53,-50,-51,-66,-77,-88,3
1169,-51 ,-52,-52,-50,-69,-78,-86,3
1170,-51 ,-53,-52,-54,-65,-77,-87,3
1171,-52 ,-53,-53,-56,-64,-78,-88,3
1172,-50 ,-53,-52,-50,-64,-78,-88,3
1173,-51 ,-52,-51,-55,-66,-78,-89,3
1174,-52 ,-53,-51,-55,-65,-78,-88,3
1175,-51 ,-52,-52,-56,-68,-79,-87,3
1176,-51 ,-53,-52,-55,-67,-78,-88,3
1177,-51 ,-53,-56,-56,-64,-77,-88,3
1178,-51 ,-52,-53,-55,-64,-78,-91,3
1179,-50 ,-54,-54,-54,-66,-77,-86,3
1180,-49 ,-53,-50,-55,-64,-79,-86,3
1181,-51 ,-52,-50,-56,-67,-79,-91,3
1182,-50 ,-53,-50,-55,-68,-78,-87,3
1183,-50 ,-53,-53,-55,-67,-78,-89,3
1184,-50 ,-52,-52,-55,-67,-79,-91,3
1185,-51 ,-53,-55,-50,-67,-76,-88,3
1186,-50 ,-52,-52,-50,-67,-78,-89,3
1187,-48 ,-54,-54,-49,-67,-77,-89,3
1188,-49 ,-54,-53,-50,-70,-78,-86,3
1189,-50 ,-54,-53,-46,-66,-78,-87,3
1190,-50 ,-54,-52,-49,-67,-79,-86,3
1191,-49 ,-53,-50,-48,-67,-78,-88,3
1192,-52 ,-54,-53,-50,-68,-78,-85,3
1193,-50 ,-53,-52,-55,-67,-77,-88,3
1194,-49 ,-54,-53,-55,-67,-77,-86,3
1195,-50 ,-53,-52,-55,-68,-78,-86,3
1196,-49 ,-52,-53,-54,-65,-77,-88,3
1197,-50 ,-52,-51,-54,-67,-77,-88,3
1198,-50 ,-53,-53,-54,-67,-78,-86,3
1199,-49 ,-52,-52,-53,-65,-77,-85,3
1200,-52 ,-50,-53,-54,-68,-76,-85,3
1201,-51 ,-54,-53,-55,-66,-77,-85,3
1202,-51 ,-52,-56,-52,-66,-80,-89,3
1203,-48 ,-57,-49,-53,-62,-79,-87,3
1204,-47 ,-60,-59,-55,-70,-79,-85,3
1205,-57 ,-58,-56,-55,-71,-84,-87,3
1206,-55 ,-58,-55,-54,-70,-81,-87,3
1207,-55 ,-56,-58,-53,-70,-81,-88,3
1208,-55 ,-66,-57,-52,-70,-84,-84,3
1209,-52 ,-57,-58,-57,-68,-86,-83,3
1210,-50 ,-60,-73,-58,-68,-88,-92,3
1211,-49 ,-59,-57,-50,-72,-80,-91,3
1212,-49 ,-59,-56,-50,-63,-80,-91,3
1213,-49 ,-62,-56,-50,-63,-83,-89,3
1214,-49 ,-61,-56,-49,-64,-84,-89,3
1215,-49 ,-60,-55,-49,-63,-85,-89,3
1216,-49 ,-60,-56,-50,-63,-84,-87,3
1217,-49 ,-61,-55,-49,-62,-84,-89,3
1218,-49 ,-61,-55,-53,-72,-85,-92,3
1219,-53 ,-57,-62,-55,-60,-86,-83,3
1220,-51 ,-56,-60,-48,-60,-86,-83,3
1221,-45 ,-59,-57,-51,-62,-77,-85,3
1222,-48 ,-58,-55,-49,-60,-80,-83,3
1223,-49 ,-64,-53,-52,-63,-73,-78,3
1224,-48 ,-66,-57,-51,-70,-81,-80,3
1225,-49 ,-64,-58,-53,-70,-84,-80,3
1226,-48 ,-61,-57,-51,-67,-83,-76,3
1227,-49 ,-64,-58,-51,-70,-86,-78,3
1228,-51 ,-64,-59,-49,-71,-87,-77,3
1229,-51 ,-62,-59,-50,-66,-85,-77,3
1230,-51 ,-62,-59,-52,-68,-85,-78,3
1231,-47 ,-64,-57,-51,-64,-85,-78,3
1232,-45 ,-63,-60,-53,-67,-83,-85,3
1233,-51 ,-60,-57,-54,-64,-84,-83,3
1234,-51 ,-58,-55,-54,-67,-86,-83,3
1235,-49 ,-52,-52,-51,-63,-78,-74,3
1236,-51 ,-53,-54,-53,-62,-83,-82,3
1237,-46 ,-46,-52,-52,-57,-77,-82,3
1238,-48 ,-46,-50,-54,-63,-87,-77,3
1239,-54 ,-54,-50,-54,-60,-81,-79,3
1240,-49 ,-56,-53,-52,-58,-89,-86,3
1241,-52 ,-52,-53,-53,-56,-78,-79,3
1242,-52 ,-55,-55,-54,-65,-85,-78,3
1243,-55 ,-51,-51,-55,-59,-89,-78,3
1244,-63 ,-52,-51,-56,-59,-89,-84,3
1245,-55 ,-53,-52,-56,-58,-85,-88,3
1246,-56 ,-52,-51,-57,-64,-86,-91,3
1247,-56 ,-52,-50,-58,-57,-85,-88,3
1248,-54 ,-53,-50,-58,-58,-84,-87,3
1249,-53 ,-54,-53,-60,-60,-86,-91,3
1250,-49 ,-54,-50,-55,-63,-85,-81,3
1251,-50 ,-52,-54,-55,-64,-83,-74,3
1252,-45 ,-52,-54,-53,-56,-83,-79,3
1253,-45 ,-50,-50,-55,-57,-76,-75,3
1254,-49 ,-55,-50,-53,-62,-76,-75,3
1255,-48 ,-57,-51,-51,-60,-79,-80,3
1256,-47 ,-50,-53,-47,-63,-76,-79,3
1257,-50 ,-51,-49,-48,-54,-77,-77,3
1258,-51 ,-47,-50,-49,-59,-80,-85,3
1259,-46 ,-55,-48,-52,-62,-80,-79,3
1260,-51 ,-52,-50,-49,-60,-77,-76,3
1261,-49 ,-59,-57,-49,-67,-85,-83,3
1262,-50 ,-56,-51,-49,-67,-84,-81,3
1263,-51 ,-60,-59,-46,-68,-78,-83,3
1264,-52 ,-54,-53,-51,-61,-83,-81,3
1265,-46 ,-51,-50,-48,-64,-82,-78,3
1266,-44 ,-56,-54,-52,-63,-80,-79,3
1267,-49 ,-56,-54,-55,-62,-78,-81,3
1268,-47 ,-52,-56,-56,-62,-83,-83,3
1269,-51 ,-54,-53,-52,-63,-81,-76,3
1270,-51 ,-54,-51,-53,-60,-86,-79,3
1271,-45 ,-52,-52,-51,-64,-84,-84,3
1272,-45 ,-46,-58,-53,-59,-77,-82,3
1273,-47 ,-57,-57,-52,-69,-79,-77,3
1274,-54 ,-61,-51,-44,-63,-79,-76,3
1275,-44 ,-53,-51,-49,-60,-84,-76,3
1276,-43 ,-57,-51,-52,-62,-79,-77,3
1277,-50 ,-54,-49,-46,-64,-85,-77,3
1278,-46 ,-60,-54,-50,-62,-79,-74,3
1279,-46 ,-53,-47,-52,-57,-79,-85,3
1280,-51 ,-48,-56,-53,-61,-80,-79,3
1281,-52 ,-51,-49,-56,-65,-81,-83,3
1282,-50 ,-57,-50,-59,-62,-91,-93,3
1283,-53 ,-53,-50,-55,-59,-86,-81,3
1284,-49 ,-55,-49,-49,-60,-81,-81,3
1285,-47 ,-57,-49,-46,-63,-84,-86,3
1286,-51 ,-52,-48,-48,-62,-85,-78,3
1287,-51 ,-51,-45,-53,-59,-84,-76,3
1288,-48 ,-54,-52,-54,-58,-87,-89,3
1289,-50 ,-54,-51,-50,-66,-87,-85,3
1290,-47 ,-55,-57,-50,-64,-80,-85,3
1291,-50 ,-56,-57,-49,-68,-92,-80,3
1292,-48 ,-57,-54,-47,-66,-79,-79,3
1293,-42 ,-54,-48,-51,-64,-78,-87,3
1294,-49 ,-56,-51,-54,-65,-79,-78,3
1295,-51 ,-59,-51,-48,-67,-79,-79,3
1296,-52 ,-60,-52,-48,-70,-79,-79,3
1297,-53 ,-58,-50,-48,-64,-88,-80,3
1298,-47 ,-54,-51,-47,-66,-88,-80,3
1299,-48 ,-55,-51,-55,-69,-88,-80,3
1300,-46 ,-53,-50,-53,-64,-81,-86,3
1301,-52 ,-60,-51,-46,-63,-84,-77,3
1302,-53 ,-57,-50,-47,-62,-86,-81,3
1303,-53 ,-58,-51,-48,-63,-85,-78,3
1304,-53 ,-58,-51,-48,-63,-88,-80,3
1305,-52 ,-58,-50,-53,-64,-87,-81,3
1306,-54 ,-56,-50,-50,-64,-87,-80,3
1307,-52 ,-52,-51,-51,-74,-86,-80,3
1308,-51 ,-62,-53,-51,-67,-79,-89,3
1309,-51 ,-63,-51,-52,-66,-79,-89,3
1310,-52 ,-61,-51,-52,-66,-80,-89,3
1311,-53 ,-62,-51,-52,-67,-79,-89,3
1312,-53 ,-62,-52,-53,-65,-79,-91,3
1313,-46 ,-60,-52,-55,-61,-85,-85,3
1314,-43 ,-59,-51,-53,-61,-83,-85,3
1315,-44 ,-60,-52,-49,-63,-84,-84,3
1316,-47 ,-57,-57,-52,-62,-86,-84,3
1317,-47 ,-57,-56,-51,-64,-80,-86,3
1318,-47 ,-56,-58,-56,-62,-81,-83,3
1319,-48 ,-55,-58,-50,-63,-81,-86,3
1320,-47 ,-55,-58,-50,-60,-81,-84,3
1321,-47 ,-64,-53,-54,-60,-83,-84,3
1322,-45 ,-63,-57,-55,-58,-79,-85,3
1323,-45 ,-63,-57,-53,-57,-81,-84,3
1324,-45 ,-60,-59,-52,-57,-83,-85,3
1325,-45 ,-60,-56,-54,-59,-84,-85,3
1326,-47 ,-56,-53,-53,-66,-85,-85,3
1327,-48 ,-58,-52,-53,-61,-88,-83,3
1328,-46 ,-55,-53,-52,-57,-81,-86,3
1329,-46 ,-57,-53,-48,-58,-80,-86,3
1330,-48 ,-55,-55,-52,-65,-80,-82,3
1331,-53 ,-56,-51,-50,-61,-83,-81,3
1332,-54 ,-55,-50,-49,-60,-84,-81,3
1333,-53 ,-58,-51,-50,-62,-84,-81,3
1334,-53 ,-54,-54,-50,-61,-82,-84,3
1335,-52 ,-55,-52,-52,-62,-82,-84,3
1336,-52 ,-56,-53,-50,-62,-84,-81,3
1337,-52 ,-55,-51,-49,-62,-86,-84,3
1338,-53 ,-55,-52,-46,-63,-86,-85,3
1339,-53 ,-55,-51,-49,-65,-86,-84,3
1340,-52 ,-54,-51,-49,-63,-87,-84,3
1341,-52 ,-56,-51,-48,-64,-87,-84,3
1342,-51 ,-55,-51,-48,-63,-88,-84,3
1343,-52 ,-56,-51,-46,-63,-86,-82,3
1344,-52 ,-55,-51,-49,-64,-87,-84,3
1345,-51 ,-55,-52,-49,-64,-86,-83,3
1346,-52 ,-54,-52,-49,-63,-86,-81,3
1347,-52 ,-55,-52,-49,-63,-88,-85,3
1348,-51 ,-55,-52,-48,-63,-87,-85,3
1349,-52 ,-57,-53,-49,-61,-88,-85,3
1350,-52 ,-56,-52,-49,-63,-87,-85,3
1351,-52 ,-56,-52,-50,-65,-86,-84,3
1352,-52 ,-56,-51,-50,-65,-87,-82,3
1353,-51 ,-58,-52,-48,-68,-86,-84,3
1354,-52 ,-56,-52,-49,-61,-86,-81,3
1355,-52 ,-55,-52,-50,-61,-86,-84,3
1356,-52 ,-56,-52,-44,-63,-87,-84,3
1357,-52 ,-55,-52,-43,-61,-86,-83,3
1358,-51 ,-57,-52,-49,-60,-84,-83,3
1359,-46 ,-53,-51,-49,-68,-79,-85,3
1360,-48 ,-51,-53,-48,-64,-81,-79,3
1361,-49 ,-58,-49,-51,-59,-89,-79,3
1362,-51 ,-55,-56,-49,-58,-84,-84,3
1363,-50 ,-51,-51,-49,-63,-79,-80,3
1364,-52 ,-57,-53,-47,-57,-80,-83,3
1365,-50 ,-52,-55,-49,-64,-80,-86,3
1366,-46 ,-52,-53,-44,-60,-79,-86,3
1367,-45 ,-54,-53,-45,-68,-75,-84,3
1368,-46 ,-53,-53,-43,-59,-83,-78,3
1369,-49 ,-62,-52,-49,-63,-82,-83,3
1370,-48 ,-57,-53,-43,-64,-81,-85,3
1371,-49 ,-53,-50,-45,-64,-74,-85,3
1372,-48 ,-54,-56,-49,-66,-81,-80,3
1373,-49 ,-53,-55,-52,-57,-86,-86,3
1374,-51 ,-52,-53,-51,-59,-86,-78,3
1375,-48 ,-52,-49,-52,-63,-79,-77,3
1376,-46 ,-52,-51,-55,-60,-80,-76,3
1377,-50 ,-52,-49,-45,-64,-76,-78,3
1378,-52 ,-51,-47,-49,-64,-80,-78,3
1379,-47 ,-53,-50,-52,-65,-80,-78,3
1380,-49 ,-54,-50,-52,-60,-85,-88,3
1381,-53 ,-53,-52,-55,-60,-82,-84,3
1382,-53 ,-56,-55,-51,-62,-78,-82,3
1383,-52 ,-54,-49,-52,-58,-81,-82,3
1384,-48 ,-58,-54,-46,-66,-85,-88,3
1385,-51 ,-55,-59,-51,-58,-87,-81,3
1386,-49 ,-56,-57,-51,-65,-87,-81,3
1387,-53 ,-54,-54,-51,-61,-84,-77,3
1388,-50 ,-49,-57,-49,-61,-82,-86,3
1389,-49 ,-47,-51,-52,-62,-89,-80,3
1390,-52 ,-53,-57,-52,-57,-83,-83,3
1391,-53 ,-48,-52,-52,-59,-81,-82,3
1392,-49 ,-56,-45,-42,-66,-83,-80,3
1393,-49 ,-50,-55,-60,-61,-78,-81,3
1394,-49 ,-50,-55,-49,-54,-85,-76,3
1395,-47 ,-57,-50,-45,-60,-82,-84,3
1396,-50 ,-54,-51,-46,-63,-79,-84,3
1397,-47 ,-52,-49,-43,-57,-80,-79,3
1398,-51 ,-53,-57,-51,-60,-76,-79,3
1399,-50 ,-49,-51,-50,-61,-83,-85,3
1400,-49 ,-54,-52,-52,-63,-83,-85,3
1401,-51 ,-55,-46,-54,-63,-84,-79,3
1402,-52 ,-54,-53,-49,-63,-86,-81,3
1403,-48 ,-57,-52,-51,-62,-86,-81,3
1404,-49 ,-49,-53,-45,-58,-87,-89,3
1405,-50 ,-51,-54,-43,-66,-78,-78,3
1406,-49 ,-53,-51,-42,-63,-79,-88,3
1407,-49 ,-57,-51,-44,-57,-85,-79,3
1408,-51 ,-52,-58,-49,-60,-84,-74,3
1409,-50 ,-56,-47,-52,-58,-88,-76,3
1410,-52 ,-48,-52,-54,-63,-78,-80,3
1411,-53 ,-50,-50,-49,-61,-83,-84,3
1412,-53 ,-47,-54,-53,-59,-83,-84,3
1413,-51 ,-58,-56,-48,-61,-79,-82,3
1414,-45 ,-55,-57,-47,-61,-78,-80,3
1415,-49 ,-50,-51,-44,-60,-83,-79,3
1416,-45 ,-51,-50,-51,-57,-80,-79,3
1417,-49 ,-56,-47,-50,-58,-77,-84,3
1418,-47 ,-58,-51,-43,-65,-80,-80,3
1419,-47 ,-54,-56,-47,-62,-78,-83,3
1420,-49 ,-55,-53,-48,-61,-79,-78,3
1421,-47 ,-57,-52,-44,-67,-78,-75,3
1422,-50 ,-62,-57,-45,-62,-81,-78,3
1423,-46 ,-56,-60,-46,-65,-84,-85,3
1424,-51 ,-55,-53,-50,-63,-79,-86,3
1425,-46 ,-48,-53,-49,-59,-80,-78,3
1426,-46 ,-58,-53,-48,-60,-79,-79,3
1427,-49 ,-45,-50,-48,-61,-79,-84,3
1428,-49 ,-49,-47,-50,-59,-79,-88,3
1429,-49 ,-53,-50,-54,-62,-77,-82,3
1430,-52 ,-54,-55,-55,-60,-74,-78,3
1431,-48 ,-56,-49,-52,-60,-82,-73,3
1432,-54 ,-57,-53,-54,-62,-77,-75,3
1433,-48 ,-54,-49,-59,-63,-78,-80,3
1434,-52 ,-53,-50,-52,-63,-84,-88,3
1435,-53 ,-52,-48,-50,-62,-81,-80,3
1436,-53 ,-53,-51,-50,-66,-82,-82,3
1437,-46 ,-56,-54,-51,-62,-80,-79,3
1438,-47 ,-58,-50,-55,-64,-76,-74,3
1439,-48 ,-47,-52,-56,-61,-77,-77,3
1440,-49 ,-50,-50,-45,-64,-79,-77,3
1441,-47 ,-51,-56,-50,-60,-78,-80,3
1442,-52 ,-50,-52,-49,-63,-80,-85,3
1443,-48 ,-47,-51,-52,-60,-74,-79,3
1444,-47 ,-51,-54,-50,-64,-75,-82,3
1445,-49 ,-52,-53,-49,-64,-77,-83,3
1446,-45 ,-56,-55,-46,-68,-79,-78,3
1447,-46 ,-58,-54,-48,-63,-78,-75,3
1448,-51 ,-51,-59,-46,-60,-80,-82,3
1449,-53 ,-56,-54,-53,-62,-88,-85,3
1450,-50 ,-58,-54,-50,-65,-79,-89,3
1451,-52 ,-51,-53,-54,-68,-88,-84,3
1452,-51 ,-62,-53,-51,-64,-86,-79,3
1453,-51 ,-51,-54,-53,-59,-86,-85,3
1454,-50 ,-68,-48,-56,-63,-80,-77,3
1455,-48 ,-52,-54,-52,-63,-80,-77,3
1456,-52 ,-53,-54,-49,-63,-85,-79,3
1457,-51 ,-54,-54,-54,-62,-85,-78,3
1458,-54 ,-54,-55,-52,-61,-86,-78,3
1459,-52 ,-54,-54,-51,-63,-87,-78,3
1460,-52 ,-53,-56,-49,-62,-83,-80,3
1461,-47 ,-56,-54,-51,-63,-81,-86,3
1462,-51 ,-57,-54,-55,-62,-87,-81,3
1463,-49 ,-54,-52,-56,-60,-85,-73,3
1464,-49 ,-54,-50,-51,-66,-78,-82,3
1465,-46 ,-47,-47,-50,-65,-79,-84,3
1466,-51 ,-54,-44,-52,-56,-79,-79,3
1467,-48 ,-47,-50,-53,-61,-82,-79,3
1468,-47 ,-56,-57,-52,-62,-79,-87,3
1469,-51 ,-55,-50,-53,-62,-78,-84,3
1470,-51 ,-58,-59,-52,-64,-78,-84,3
1471,-53 ,-62,-57,-49,-61,-88,-87,3
1472,-48 ,-59,-54,-55,-60,-84,-87,3
1473,-50 ,-59,-60,-51,-64,-86,-85,3
1474,-51 ,-54,-54,-55,-58,-88,-85,3
1475,-49 ,-58,-50,-56,-64,-81,-81,3
1476,-48 ,-58,-50,-53,-62,-81,-87,3
1477,-48 ,-51,-54,-51,-58,-80,-77,3
1478,-48 ,-54,-53,-51,-61,-77,-80,3
1479,-46 ,-51,-55,-42,-62,-79,-78,3
1480,-49 ,-53,-52,-52,-64,-74,-84,3
1481,-50 ,-55,-52,-47,-65,-83,-91,3
1482,-47 ,-46,-53,-46,-59,-79,-79,3
1483,-49 ,-51,-52,-44,-60,-77,-77,3
1484,-48 ,-53,-51,-43,-64,-74,-77,3
1485,-46 ,-54,-47,-51,-57,-80,-73,3
1486,-49 ,-52,-48,-48,-59,-79,-78,3
1487,-49 ,-51,-50,-53,-64,-79,-78,3
1488,-53 ,-54,-56,-52,-63,-81,-85,3
1489,-54 ,-55,-50,-48,-64,-80,-78,3
1490,-51 ,-56,-51,-47,-62,-79,-85,3
1491,-48 ,-55,-53,-51,-63,-82,-86,3
1492,-50 ,-57,-59,-43,-62,-76,-78,3
1493,-50 ,-53,-52,-50,-61,-79,-83,3
1494,-47 ,-58,-56,-51,-70,-81,-86,3
1495,-52 ,-57,-52,-52,-70,-87,-77,3
1496,-52 ,-60,-51,-54,-61,-86,-87,3
1497,-55 ,-60,-50,-55,-63,-88,-87,3
1498,-55 ,-60,-51,-53,-63,-85,-87,3
1499,-53 ,-58,-51,-51,-62,-84,-85,3
1500,-53 ,-68,-50,-51,-77,-85,-87,3
1501,-58 ,-56,-47,-62,-36,-85,-84,4
1502,-61 ,-52,-49,-56,-46,-84,-83,4
1503,-55 ,-50,-51,-61,-48,-82,-79,4
1504,-61 ,-52,-43,-60,-47,-89,-85,4
1505,-58 ,-59,-44,-57,-54,-82,-89,4
1506,-59 ,-52,-59,-61,-54,-87,-89,4
1507,-59 ,-51,-56,-59,-51,-87,-86,4
1508,-59 ,-52,-56,-59,-51,-89,-84,4
1509,-59 ,-52,-56,-59,-51,-89,-87,4
1510,-59 ,-52,-57,-59,-50,-88,-88,4
1511,-59 ,-53,-57,-60,-51,-89,-95,4
1512,-59 ,-54,-59,-60,-50,-87,-86,4
1513,-59 ,-53,-56,-59,-51,-87,-89,4
1514,-59 ,-53,-57,-59,-50,-88,-88,4
1515,-59 ,-57,-56,-61,-52,-86,-85,4
1516,-60 ,-54,-54,-60,-64,-88,-88,4
1517,-59 ,-53,-57,-60,-51,-87,-88,4
1518,-58 ,-52,-58,-60,-52,-86,-89,4
1519,-59 ,-52,-56,-58,-55,-88,-87,4
1520,-59 ,-52,-55,-60,-55,-87,-88,4
1521,-59 ,-51,-54,-59,-55,-87,-88,4
1522,-59 ,-51,-55,-59,-53,-88,-88,4
1523,-59 ,-56,-55,-59,-54,-87,-88,4
1524,-59 ,-52,-55,-59,-55,-88,-85,4
1525,-58 ,-51,-56,-59,-54,-87,-87,4
1526,-59 ,-50,-55,-59,-54,-88,-87,4
1527,-59 ,-50,-55,-59,-53,-86,-87,4
1528,-59 ,-50,-59,-59,-55,-85,-87,4
1529,-59 ,-51,-55,-59,-54,-87,-88,4
1530,-59 ,-51,-57,-59,-53,-87,-92,4
1531,-59 ,-53,-56,-60,-53,-85,-86,4
1532,-59 ,-53,-57,-62,-55,-88,-85,4
1533,-58 ,-52,-57,-60,-52,-86,-88,4
1534,-58 ,-50,-54,-60,-53,-86,-89,4
1535,-59 ,-52,-57,-60,-54,-91,-89,4
1536,-59 ,-52,-55,-59,-52,-88,-87,4
1537,-57 ,-52,-56,-60,-52,-91,-85,4
1538,-57 ,-51,-56,-57,-50,-88,-86,4
1539,-57 ,-50,-58,-60,-51,-87,-88,4
1540,-60 ,-50,-57,-60,-50,-89,-86,4
1541,-59 ,-51,-56,-58,-51,-95,-84,4
1542,-58 ,-51,-56,-58,-50,-88,-88,4
1543,-59 ,-51,-56,-58,-50,-88,-86,4
1544,-59 ,-50,-57,-59,-51,-87,-85,4
1545,-59 ,-51,-57,-59,-52,-87,-86,4
1546,-59 ,-50,-57,-61,-51,-85,-86,4
1547,-59 ,-51,-54,-60,-50,-87,-86,4
1548,-59 ,-51,-57,-59,-51,-89,-86,4
1549,-59 ,-51,-56,-61,-50,-86,-86,4
1550,-59 ,-50,-57,-60,-49,-91,-86,4
1551,-59 ,-51,-57,-60,-49,-87,-88,4
1552,-59 ,-53,-55,-60,-51,-87,-87,4
1553,-59 ,-52,-57,-58,-50,-86,-88,4
1554,-59 ,-52,-57,-60,-49,-86,-88,4
1555,-60 ,-53,-59,-59,-53,-86,-86,4
1556,-57 ,-52,-56,-62,-52,-92,-85,4
1557,-56 ,-51,-43,-59,-47,-83,-89,4
1558,-55 ,-52,-46,-59,-53,-88,-84,4
1559,-56 ,-58,-48,-60,-51,-85,-85,4
1560,-63 ,-58,-52,-59,-51,-88,-94,4
1561,-57 ,-61,-53,-59,-52,-87,-89,4
1562,-58 ,-61,-52,-61,-53,-85,-88,4
1563,-57 ,-57,-51,-60,-53,-85,-89,4
1564,-57 ,-60,-49,-61,-54,-85,-88,4
1565,-57 ,-61,-56,-60,-53,-86,-86,4
1566,-58 ,-54,-52,-61,-53,-85,-89,4
1567,-55 ,-56,-47,-54,-49,-81,-79,4
1568,-58 ,-55,-55,-54,-49,-78,-79,4
1569,-63 ,-54,-50,-55,-50,-85,-79,4
1570,-58 ,-55,-53,-59,-52,-81,-84,4
1571,-59 ,-59,-52,-60,-51,-87,-86,4
1572,-57 ,-55,-57,-59,-48,-85,-84,4
1573,-59 ,-57,-53,-58,-55,-85,-86,4
1574,-59 ,-59,-52,-59,-53,-87,-87,4
1575,-59 ,-56,-53,-60,-49,-85,-84,4
1576,-58 ,-56,-56,-61,-52,-85,-85,4
1577,-58 ,-59,-56,-60,-50,-86,-83,4
1578,-57 ,-57,-54,-58,-56,-84,-87,4
1579,-55 ,-56,-48,-60,-55,-84,-84,4
1580,-52 ,-61,-48,-60,-51,-80,-80,4
1581,-54 ,-57,-50,-61,-53,-83,-82,4
1582,-55 ,-53,-51,-62,-56,-85,-87,4
1583,-58 ,-55,-51,-66,-54,-86,-85,4
1584,-58 ,-53,-49,-60,-48,-86,-91,4
1585,-55 ,-48,-49,-62,-55,-86,-91,4
1586,-59 ,-57,-50,-59,-50,-89,-80,4
1587,-64 ,-55,-52,-74,-53,-89,-80,4
1588,-62 ,-62,-49,-66,-47,-93,-80,4
1589,-64 ,-57,-53,-64,-47,-88,-91,4
1590,-64 ,-59,-51,-62,-51,-88,-91,4
1591,-63 ,-56,-53,-60,-49,-88,-88,4
1592,-61 ,-58,-54,-63,-47,-88,-81,4
1593,-63 ,-57,-52,-64,-52,-88,-93,4
1594,-64 ,-58,-50,-65,-50,-91,-85,4
1595,-66 ,-57,-55,-64,-52,-91,-87,4
1596,-61 ,-55,-54,-69,-53,-84,-89,4
1597,-61 ,-61,-50,-64,-51,-84,-89,4
1598,-60 ,-60,-51,-64,-53,-87,-87,4
1599,-62 ,-63,-52,-70,-48,-87,-87,4
1600,-64 ,-57,-53,-66,-48,-92,-87,4
1601,-63 ,-54,-53,-65,-52,-92,-89,4
1602,-63 ,-57,-57,-70,-50,-92,-87,4
1603,-70 ,-59,-56,-64,-46,-88,-95,4
1604,-65 ,-62,-49,-67,-45,-88,-94,4
1605,-63 ,-59,-53,-70,-46,-86,-88,4
1606,-61 ,-61,-52,-68,-45,-88,-88,4
1607,-62 ,-61,-51,-68,-48,-88,-88,4
1608,-63 ,-57,-53,-63,-48,-85,-92,4
1609,-62 ,-55,-53,-65,-50,-88,-93,4
1610,-64 ,-59,-52,-65,-50,-88,-85,4
1611,-61 ,-60,-53,-61,-52,-87,-87,4
1612,-60 ,-61,-58,-63,-49,-84,-85,4
1613,-63 ,-57,-57,-62,-51,-89,-84,4
1614,-63 ,-58,-50,-63,-48,-91,-85,4
1615,-64 ,-54,-56,-66,-52,-88,-85,4
1616,-63 ,-59,-51,-72,-55,-96,-92,4
1617,-61 ,-57,-53,-65,-50,-87,-91,4
1618,-61 ,-56,-49,-60,-52,-91,-85,4
1619,-61 ,-55,-45,-55,-56,-85,-85,4
1620,-61 ,-61,-49,-58,-54,-94,-85,4
1621,-66 ,-59,-52,-63,-59,-88,-87,4
1622,-61 ,-61,-51,-62,-54,-85,-91,4
1623,-64 ,-60,-53,-60,-48,-89,-89,4
1624,-65 ,-61,-56,-67,-50,-89,-91,4
1625,-64 ,-66,-58,-70,-50,-89,-93,4
1626,-63 ,-58,-57,-61,-52,-89,-93,4
1627,-63 ,-57,-60,-69,-49,-93,-93,4
1628,-64 ,-55,-55,-62,-49,-93,-85,4
1629,-59 ,-62,-54,-62,-46,-87,-91,4
1630,-64 ,-58,-49,-64,-49,-92,-91,4
1631,-66 ,-54,-53,-71,-48,-92,-91,4
1632,-66 ,-56,-56,-63,-50,-89,-91,4
1633,-66 ,-54,-54,-64,-47,-89,-86,4
1634,-67 ,-55,-56,-64,-50,-88,-87,4
1635,-66 ,-56,-56,-66,-49,-89,-87,4
1636,-66 ,-56,-55,-67,-48,-87,-87,4
1637,-66 ,-57,-56,-64,-49,-89,-87,4
1638,-66 ,-57,-55,-65,-48,-91,-87,4
1639,-67 ,-57,-55,-65,-49,-88,-87,4
1640,-68 ,-57,-54,-64,-51,-89,-87,4
1641,-67 ,-56,-55,-64,-49,-91,-89,4
1642,-65 ,-56,-54,-63,-49,-92,-89,4
1643,-64 ,-55,-55,-66,-49,-88,-88,4
1644,-67 ,-56,-52,-64,-51,-89,-85,4
1645,-65 ,-57,-55,-64,-50,-92,-85,4
1646,-65 ,-57,-56,-63,-48,-92,-85,4
1647,-65 ,-57,-54,-70,-50,-88,-85,4
1648,-66 ,-57,-55,-65,-51,-88,-88,4
1649,-66 ,-59,-47,-67,-51,-94,-88,4
1650,-66 ,-59,-45,-67,-52,-93,-92,4
1651,-69 ,-58,-46,-66,-48,-95,-93,4
1652,-65 ,-57,-45,-69,-48,-91,-94,4
1653,-64 ,-59,-46,-65,-48,-91,-91,4
1654,-63 ,-59,-45,-65,-47,-89,-92,4
1655,-63 ,-58,-46,-66,-49,-93,-93,4
1656,-63 ,-58,-47,-66,-48,-93,-92,4
1657,-64 ,-59,-45,-65,-51,-93,-92,4
1658,-64 ,-58,-45,-65,-51,-92,-92,4
1659,-64 ,-60,-45,-66,-52,-92,-92,4
1660,-64 ,-60,-44,-66,-52,-91,-92,4
1661,-65 ,-57,-45,-66,-47,-92,-92,4
1662,-64 ,-58,-45,-66,-48,-89,-93,4
1663,-66 ,-58,-47,-68,-47,-88,-91,4
1664,-67 ,-64,-47,-64,-50,-88,-91,4
1665,-61 ,-60,-50,-63,-45,-88,-91,4
1666,-64 ,-56,-51,-65,-49,-91,-94,4
1667,-63 ,-56,-55,-60,-52,-86,-98,4
1668,-64 ,-57,-53,-61,-50,-86,-98,4
1669,-64 ,-54,-55,-59,-52,-88,-98,4
1670,-61 ,-57,-54,-65,-52,-89,-88,4
1671,-65 ,-56,-49,-61,-44,-88,-91,4
1672,-64 ,-58,-51,-59,-40,-88,-87,4
1673,-58 ,-57,-50,-60,-47,-84,-86,4
1674,-60 ,-53,-50,-66,-39,-86,-86,4
1675,-61 ,-56,-44,-61,-49,-91,-86,4
1676,-61 ,-51,-49,-59,-56,-91,-89,4
1677,-65 ,-52,-48,-63,-48,-91,-88,4
1678,-69 ,-52,-48,-66,-48,-88,-87,4
1679,-67 ,-52,-46,-66,-47,-89,-87,4
1680,-67 ,-53,-46,-64,-48,-88,-87,4
1681,-66 ,-52,-48,-71,-55,-88,-87,4
1682,-65 ,-52,-46,-65,-49,-88,-87,4
1683,-65 ,-52,-46,-64,-49,-88,-87,4
1684,-65 ,-54,-46,-65,-51,-91,-89,4
1685,-65 ,-51,-49,-63,-49,-92,-91,4
1686,-64 ,-48,-54,-58,-52,-80,-88,4
1687,-60 ,-52,-45,-58,-51,-87,-80,4
1688,-57 ,-54,-46,-53,-44,-85,-84,4
1689,-58 ,-54,-44,-59,-47,-83,-86,4
1690,-55 ,-57,-49,-52,-53,-82,-86,4
1691,-59 ,-53,-49,-56,-49,-83,-88,4
1692,-60 ,-57,-58,-58,-50,-83,-88,4
1693,-64 ,-55,-55,-58,-51,-89,-88,4
1694,-64 ,-54,-52,-58,-52,-89,-88,4
1695,-59 ,-53,-49,-59,-45,-89,-88,4
1696,-60 ,-52,-49,-61,-51,-85,-81,4
1697,-61 ,-58,-52,-61,-45,-92,-81,4
1698,-60 ,-56,-43,-61,-50,-89,-87,4
1699,-62 ,-57,-44,-61,-44,-89,-87,4
1700,-62 ,-58,-49,-64,-42,-86,-89,4
1701,-61 ,-54,-45,-66,-45,-88,-87,4
1702,-60 ,-55,-47,-59,-54,-91,-80,4
1703,-57 ,-59,-44,-60,-56,-87,-85,4
1704,-56 ,-54,-48,-57,-51,-84,-89,4
1705,-58 ,-54,-46,-55,-50,-87,-91,4
1706,-58 ,-51,-46,-58,-50,-79,-87,4
1707,-59 ,-55,-48,-59,-52,-86,-85,4
1708,-57 ,-61,-54,-64,-48,-87,-91,4
1709,-64 ,-55,-52,-61,-50,-92,-94,4
1710,-62 ,-57,-50,-62,-49,-93,-86,4
1711,-65 ,-58,-56,-61,-49,-89,-88,4
1712,-62 ,-58,-50,-58,-47,-95,-87,4
1713,-57 ,-52,-44,-59,-51,-88,-85,4
1714,-55 ,-53,-47,-57,-50,-85,-85,4
1715,-57 ,-52,-46,-60,-43,-88,-85,4
1716,-64 ,-57,-48,-60,-39,-88,-85,4
1717,-60 ,-51,-53,-63,-42,-87,-82,4
1718,-63 ,-62,-49,-63,-45,-92,-86,4
1719,-59 ,-52,-44,-57,-49,-85,-87,4
1720,-58 ,-56,-52,-54,-52,-87,-84,4
1721,-61 ,-57,-51,-56,-49,-88,-85,4
1722,-59 ,-57,-56,-65,-49,-92,-91,4
1723,-59 ,-57,-52,-71,-49,-92,-88,4
1724,-59 ,-56,-56,-65,-49,-92,-88,4
1725,-59 ,-56,-58,-66,-51,-92,-88,4
1726,-60 ,-58,-55,-65,-50,-91,-86,4
1727,-60 ,-58,-57,-68,-50,-96,-87,4
1728,-61 ,-58,-58,-67,-50,-96,-85,4
1729,-59 ,-57,-56,-65,-49,-91,-86,4
1730,-61 ,-58,-57,-66,-49,-93,-86,4
1731,-60 ,-57,-56,-65,-50,-96,-87,4
1732,-61 ,-58,-56,-67,-50,-95,-88,4
1733,-61 ,-57,-54,-67,-52,-89,-86,4
1734,-58 ,-57,-55,-66,-51,-88,-87,4
1735,-60 ,-57,-55,-65,-51,-94,-86,4
1736,-60 ,-58,-56,-64,-52,-93,-86,4
1737,-58 ,-56,-56,-64,-50,-82,-87,4
1738,-61 ,-55,-55,-66,-61,-83,-92,4
1739,-60 ,-56,-57,-65,-49,-85,-89,4
1740,-60 ,-58,-56,-66,-51,-85,-89,4
1741,-61 ,-56,-57,-65,-54,-85,-88,4
1742,-61 ,-57,-57,-66,-55,-83,-87,4
1743,-60 ,-57,-56,-64,-52,-84,-88,4
1744,-61 ,-59,-56,-64,-50,-85,-87,4
1745,-61 ,-56,-55,-63,-52,-84,-87,4
1746,-58 ,-61,-56,-64,-49,-83,-87,4
1747,-61 ,-56,-55,-63,-47,-85,-89,4
1748,-61 ,-58,-48,-57,-52,-91,-92,4
1749,-61 ,-55,-54,-72,-45,-89,-92,4
1750,-62 ,-61,-52,-69,-42,-88,-92,4
1751,-64 ,-57,-54,-69,-43,-88,-92,4
1752,-63 ,-58,-54,-69,-43,-91,-92,4
1753,-63 ,-59,-54,-77,-42,-91,-92,4
1754,-64 ,-59,-55,-66,-44,-93,-92,4
1755,-64 ,-59,-51,-67,-43,-88,-92,4
1756,-62 ,-60,-55,-67,-43,-88,-92,4
1757,-63 ,-58,-54,-67,-43,-88,-98,4
1758,-62 ,-59,-53,-64,-44,-89,-98,4
1759,-61 ,-62,-54,-69,-46,-93,-98,4
1760,-62 ,-59,-52,-69,-46,-91,-98,4
1761,-58 ,-57,-46,-56,-43,-89,-85,4
1762,-60 ,-53,-48,-61,-46,-85,-85,4
1763,-56 ,-55,-43,-57,-52,-93,-85,4
1764,-57 ,-54,-54,-59,-51,-88,-87,4
1765,-56 ,-55,-50,-59,-62,-84,-86,4
1766,-58 ,-56,-46,-56,-62,-84,-87,4
1767,-59 ,-54,-51,-59,-58,-80,-87,4
1768,-58 ,-54,-53,-60,-47,-82,-83,4
1769,-63 ,-54,-47,-64,-50,-83,-88,4
1770,-58 ,-55,-57,-64,-47,-85,-89,4
1771,-63 ,-57,-47,-64,-49,-86,-81,4
1772,-63 ,-58,-50,-57,-46,-91,-93,4
1773,-60 ,-54,-56,-65,-43,-88,-87,4
1774,-59 ,-56,-49,-57,-45,-88,-88,4
1775,-56 ,-56,-40,-62,-50,-86,-86,4
1776,-63 ,-52,-43,-63,-51,-87,-88,4
1777,-60 ,-56,-44,-53,-46,-87,-88,4
1778,-64 ,-56,-48,-62,-53,-88,-87,4
1779,-59 ,-56,-41,-54,-46,-89,-88,4
1780,-60 ,-59,-51,-59,-53,-88,-88,4
1781,-62 ,-58,-54,-61,-52,-88,-85,4
1782,-61 ,-53,-50,-59,-46,-84,-93,4
1783,-60 ,-56,-44,-59,-46,-81,-86,4
1784,-64 ,-57,-52,-60,-40,-87,-87,4
1785,-63 ,-56,-51,-57,-45,-88,-88,4
1786,-61 ,-54,-52,-65,-49,-85,-91,4
1787,-60 ,-63,-54,-63,-47,-88,-92,4
1788,-61 ,-55,-52,-61,-44,-88,-92,4
1789,-62 ,-58,-52,-63,-50,-87,-88,4
1790,-63 ,-57,-55,-63,-49,-88,-81,4
1791,-64 ,-63,-56,-64,-47,-92,-83,4
1792,-71 ,-59,-52,-62,-48,-91,-83,4
1793,-57 ,-53,-51,-57,-48,-88,-85,4
1794,-61 ,-55,-46,-57,-46,-83,-85,4
1795,-56 ,-53,-49,-60,-48,-82,-85,4
1796,-61 ,-56,-52,-62,-52,-82,-87,4
1797,-64 ,-58,-48,-63,-42,-85,-93,4
1798,-58 ,-56,-44,-60,-47,-84,-85,4
1799,-58 ,-51,-49,-61,-48,-88,-85,4
1800,-57 ,-55,-45,-59,-50,-85,-85,4
1801,-61 ,-52,-48,-57,-47,-85,-85,4
1802,-59 ,-50,-51,-59,-51,-83,-85,4
1803,-60 ,-52,-48,-61,-48,-83,-84,4
1804,-61 ,-55,-45,-57,-53,-91,-82,4
1805,-56 ,-51,-45,-54,-52,-79,-85,4
1806,-56 ,-60,-55,-55,-53,-88,-85,4
1807,-60 ,-60,-46,-54,-49,-81,-83,4
1808,-58 ,-57,-46,-55,-50,-87,-85,4
1809,-59 ,-56,-50,-60,-52,-81,-85,4
1810,-57 ,-56,-49,-58,-50,-87,-85,4
1811,-60 ,-58,-53,-55,-53,-83,-84,4
1812,-61 ,-52,-49,-58,-51,-91,-84,4
1813,-57 ,-57,-48,-59,-49,-88,-88,4
1814,-58 ,-54,-49,-60,-55,-91,-93,4
1815,-60 ,-59,-50,-58,-45,-87,-89,4
1816,-61 ,-57,-50,-59,-46,-91,-89,4
1817,-63 ,-53,-59,-62,-45,-88,-86,4
1818,-63 ,-56,-51,-64,-49,-88,-89,4
1819,-63 ,-57,-55,-60,-50,-86,-92,4
1820,-62 ,-62,-55,-64,-42,-86,-92,4
1821,-63 ,-56,-50,-56,-49,-89,-92,4
1822,-61 ,-56,-52,-58,-52,-82,-85,4
1823,-59 ,-49,-44,-61,-45,-89,-89,4
1824,-60 ,-61,-49,-60,-50,-89,-88,4
1825,-59 ,-55,-49,-60,-42,-92,-93,4
1826,-61 ,-54,-50,-63,-42,-92,-93,4
1827,-60 ,-49,-48,-62,-48,-85,-93,4
1828,-59 ,-49,-45,-57,-52,-80,-82,4
1829,-62 ,-56,-49,-58,-45,-85,-82,4
1830,-65 ,-54,-53,-61,-43,-84,-83,4
1831,-64 ,-59,-53,-63,-52,-87,-83,4
1832,-62 ,-58,-52,-65,-49,-89,-84,4
1833,-61 ,-54,-48,-64,-49,-89,-81,4
1834,-57 ,-51,-49,-64,-52,-88,-81,4
1835,-59 ,-52,-49,-55,-56,-83,-81,4
1836,-57 ,-60,-47,-59,-50,-79,-88,4
1837,-61 ,-56,-48,-62,-54,-88,-86,4
1838,-60 ,-51,-51,-59,-54,-86,-89,4
1839,-57 ,-56,-48,-66,-49,-84,-91,4
1840,-61 ,-56,-47,-60,-48,-83,-87,4
1841,-58 ,-49,-50,-61,-51,-83,-87,4
1842,-58 ,-50,-43,-56,-55,-83,-87,4
1843,-58 ,-53,-48,-58,-54,-88,-89,4
1844,-57 ,-56,-48,-59,-47,-86,-89,4
1845,-58 ,-57,-48,-64,-52,-92,-87,4
1846,-59 ,-57,-48,-69,-52,-87,-87,4
1847,-58 ,-54,-53,-64,-51,-87,-91,4
1848,-59 ,-55,-55,-62,-47,-91,-84,4
1849,-59 ,-55,-54,-64,-44,-86,-86,4
1850,-60 ,-53,-52,-64,-46,-85,-83,4
1851,-60 ,-54,-53,-64,-47,-85,-86,4
1852,-63 ,-53,-52,-64,-47,-93,-86,4
1853,-61 ,-53,-48,-62,-52,-86,-85,4
1854,-61 ,-56,-46,-60,-50,-84,-86,4
1855,-64 ,-55,-48,-61,-50,-83,-87,4
1856,-64 ,-58,-47,-61,-52,-85,-86,4
1857,-62 ,-53,-48,-61,-50,-85,-86,4
1858,-58 ,-56,-50,-58,-47,-87,-80,4
1859,-58 ,-60,-50,-61,-50,-87,-78,4
1860,-58 ,-56,-49,-60,-53,-86,-91,4
1861,-59 ,-55,-46,-66,-50,-86,-91,4
1862,-58 ,-57,-50,-58,-50,-82,-84,4
1863,-62 ,-57,-48,-63,-47,-88,-84,4
1864,-62 ,-59,-50,-66,-54,-95,-84,4
1865,-60 ,-57,-50,-63,-49,-87,-86,4
1866,-62 ,-59,-48,-65,-51,-87,-86,4
1867,-58 ,-65,-47,-71,-51,-86,-83,4
1868,-58 ,-56,-48,-65,-49,-87,-81,4
1869,-63 ,-54,-49,-62,-43,-89,-91,4
1870,-64 ,-57,-47,-58,-46,-89,-86,4
1871,-60 ,-55,-54,-58,-55,-86,-88,4
1872,-63 ,-56,-52,-65,-47,-82,-92,4
1873,-59 ,-57,-49,-66,-41,-87,-86,4
1874,-62 ,-53,-55,-65,-49,-87,-87,4
1875,-61 ,-58,-46,-69,-53,-82,-81,4
1876,-61 ,-58,-50,-59,-52,-84,-84,4
1877,-60 ,-56,-48,-61,-49,-92,-82,4
1878,-55 ,-50,-46,-57,-48,-76,-87,4
1879,-56 ,-54,-43,-60,-50,-86,-85,4
1880,-58 ,-57,-49,-64,-49,-89,-81,4
1881,-58 ,-52,-49,-60,-47,-87,-92,4
1882,-57 ,-55,-50,-63,-50,-89,-79,4
1883,-57 ,-57,-50,-59,-54,-85,-81,4
1884,-58 ,-58,-51,-61,-51,-85,-89,4
1885,-59 ,-54,-48,-62,-47,-85,-89,4
1886,-57 ,-54,-48,-55,-47,-82,-86,4
1887,-60 ,-54,-50,-70,-48,-84,-84,4
1888,-59 ,-59,-49,-62,-47,-82,-81,4
1889,-56 ,-48,-43,-62,-43,-83,-82,4
1890,-59 ,-50,-45,-60,-48,-83,-85,4
1891,-56 ,-54,-50,-58,-50,-83,-85,4
1892,-59 ,-53,-45,-60,-51,-87,-86,4
1893,-54 ,-46,-48,-55,-48,-84,-85,4
1894,-58 ,-53,-44,-62,-52,-84,-88,4
1895,-61 ,-52,-48,-61,-45,-90,-88,4
1896,-60 ,-50,-51,-62,-49,-87,-84,4
1897,-60 ,-53,-52,-62,-50,-91,-88,4
1898,-58 ,-53,-52,-62,-51,-85,-83,4
1899,-59 ,-51,-49,-63,-45,-86,-83,4
1900,-59 ,-52,-44,-64,-43,-87,-83,4
1901,-61 ,-49,-42,-66,-43,-80,-91,4
1902,-62 ,-54,-48,-62,-48,-86,-86,4
1903,-57 ,-49,-44,-60,-50,-84,-86,4
1904,-64 ,-51,-44,-61,-50,-88,-85,4
1905,-58 ,-53,-42,-61,-51,-87,-82,4
1906,-56 ,-53,-42,-61,-55,-87,-82,4
1907,-56 ,-55,-44,-60,-49,-84,-80,4
1908,-56 ,-53,-42,-61,-49,-83,-83,4
1909,-59 ,-50,-45,-63,-49,-84,-86,4
1910,-59 ,-58,-48,-65,-53,-83,-90,4
1911,-60 ,-55,-42,-63,-53,-91,-79,4
1912,-59 ,-51,-46,-58,-46,-90,-90,4
1913,-63 ,-53,-47,-58,-46,-90,-81,4
1914,-57 ,-51,-47,-61,-50,-90,-88,4
1915,-58 ,-56,-51,-65,-53,-87,-87,4
1916,-62 ,-53,-52,-59,-48,-87,-92,4
1917,-63 ,-54,-52,-59,-44,-86,-92,4
1918,-57 ,-58,-52,-66,-46,-86,-90,4
1919,-61 ,-60,-52,-57,-51,-91,-86,4
1920,-61 ,-59,-52,-55,-48,-91,-84,4
1921,-61 ,-57,-51,-56,-46,-88,-85,4
1922,-60 ,-57,-52,-59,-47,-88,-85,4
1923,-61 ,-58,-53,-57,-45,-86,-90,4
1924,-58 ,-58,-51,-57,-49,-86,-90,4
1925,-59 ,-54,-49,-60,-46,-86,-87,4
1926,-57 ,-61,-45,-62,-48,-87,-88,4
1927,-61 ,-54,-48,-58,-47,-91,-88,4
1928,-61 ,-52,-49,-68,-45,-85,-92,4
1929,-57 ,-56,-47,-58,-44,-88,-82,4
1930,-57 ,-56,-48,-60,-49,-84,-88,4
1931,-57 ,-50,-47,-58,-46,-88,-88,4
1932,-58 ,-55,-51,-61,-44,-88,-86,4
1933,-58 ,-56,-52,-58,-48,-87,-85,4
1934,-58 ,-58,-46,-57,-47,-81,-80,4
1935,-59 ,-53,-51,-54,-45,-79,-87,4
1936,-60 ,-50,-48,-55,-46,-79,-87,4
1937,-59 ,-58,-48,-53,-55,-80,-88,4
1938,-59 ,-56,-49,-58,-52,-88,-84,4
1939,-58 ,-57,-45,-58,-42,-88,-88,4
1940,-55 ,-49,-51,-56,-50,-84,-88,4
1941,-55 ,-51,-48,-68,-51,-82,-86,4
1942,-58 ,-52,-51,-59,-49,-82,-86,4
1943,-59 ,-52,-50,-55,-49,-87,-86,4
1944,-59 ,-52,-52,-56,-50,-86,-86,4
1945,-58 ,-52,-50,-55,-48,-87,-90,4
1946,-57 ,-54,-51,-60,-47,-84,-88,4
1947,-55 ,-50,-49,-60,-45,-86,-87,4
1948,-55 ,-52,-45,-62,-46,-87,-85,4
1949,-62 ,-51,-46,-61,-49,-87,-85,4
1950,-60 ,-55,-46,-59,-49,-87,-83,4
1951,-59 ,-55,-48,-59,-46,-86,-83,4
1952,-60 ,-54,-45,-59,-45,-88,-83,4
1953,-56 ,-50,-47,-60,-50,-88,-83,4
1954,-59 ,-53,-49,-56,-47,-87,-82,4
1955,-59 ,-52,-50,-55,-55,-87,-85,4
1956,-61 ,-50,-50,-58,-48,-88,-87,4
1957,-57 ,-52,-48,-58,-51,-86,-87,4
1958,-58 ,-51,-51,-56,-54,-85,-83,4
1959,-56 ,-52,-50,-57,-53,-87,-86,4
1960,-57 ,-53,-50,-61,-56,-84,-83,4
1961,-59 ,-55,-50,-57,-52,-78,-83,4
1962,-61 ,-50,-51,-59,-55,-87,-83,4
1963,-56 ,-51,-52,-59,-48,-87,-82,4
1964,-56 ,-53,-51,-59,-50,-84,-84,4
1965,-57 ,-50,-51,-59,-51,-83,-84,4
1966,-57 ,-53,-50,-59,-52,-83,-82,4
1967,-56 ,-54,-49,-58,-48,-83,-84,4
1968,-56 ,-50,-51,-60,-58,-81,-84,4
1969,-58 ,-55,-50,-60,-48,-87,-93,4
1970,-60 ,-52,-46,-56,-48,-84,-86,4
1971,-58 ,-55,-50,-54,-48,-80,-86,4
1972,-61 ,-51,-52,-56,-47,-86,-90,4
1973,-60 ,-52,-51,-55,-48,-86,-90,4
1974,-63 ,-61,-49,-58,-46,-92,-83,4
1975,-61 ,-54,-45,-54,-43,-88,-80,4
1976,-57 ,-53,-45,-54,-52,-84,-82,4
1977,-56 ,-60,-47,-58,-46,-80,-82,4
1978,-55 ,-57,-43,-59,-53,-81,-85,4
1979,-55 ,-54,-43,-60,-51,-84,-88,4
1980,-56 ,-55,-45,-59,-52,-84,-86,4
1981,-55 ,-54,-46,-60,-50,-84,-86,4
1982,-56 ,-54,-47,-59,-52,-84,-91,4
1983,-56 ,-55,-44,-61,-51,-84,-87,4
1984,-57 ,-55,-48,-59,-51,-81,-86,4
1985,-59 ,-54,-49,-58,-52,-83,-93,4
1986,-58 ,-53,-46,-59,-50,-86,-90,4
1987,-56 ,-55,-44,-60,-51,-84,-86,4
1988,-56 ,-53,-43,-61,-58,-80,-85,4
1989,-57 ,-55,-50,-57,-49,-84,-85,4
1990,-56 ,-55,-54,-61,-46,-79,-79,4
1991,-57 ,-54,-49,-61,-43,-79,-85,4
1992,-59 ,-53,-45,-57,-45,-81,-82,4
1993,-57 ,-56,-53,-62,-48,-87,-88,4
1994,-63 ,-55,-50,-63,-50,-91,-85,4
1995,-61 ,-54,-51,-63,-44,-87,-88,4
1996,-59 ,-59,-48,-66,-50,-86,-94,4
1997,-59 ,-56,-50,-62,-47,-87,-90,4
1998,-62 ,-59,-46,-65,-45,-87,-88,4
1999,-62 ,-58,-52,-61,-41,-90,-85,4
2000,-59 ,-50,-45,-60,-45,-88,-87,4
