id,signal1,signal2,signal3,signal4,signal5,signal6,signal7
1,ï»¿-64 ,-56,-61,-66,-71,-82,-81
2,-68 ,-57,-61,-65,-71,-85,-85
3,-63 ,-60,-60,-67,-76,-85,-84
4,-61 ,-60,-68,-62,-77,-90,-80
5,-63 ,-65,-60,-63,-77,-81,-87
6,-64 ,-55,-63,-66,-76,-88,-83
7,-65 ,-61,-65,-67,-69,-87,-84
8,-61 ,-63,-58,-66,-74,-87,-82
9,-65 ,-60,-59,-63,-76,-86,-82
10,-62 ,-60,-66,-68,-80,-86,-91
11,-67 ,-61,-62,-67,-77,-83,-91
12,-65 ,-59,-61,-67,-72,-86,-81
13,-63 ,-57,-61,-65,-73,-84,-84
14,-66 ,-60,-65,-62,-70,-85,-83
15,-61 ,-59,-65,-63,-74,-89,-87
16,-67 ,-60,-59,-61,-71,-86,-91
17,-63 ,-56,-60,-62,-70,-84,-91
18,-60 ,-54,-59,-65,-73,-83,-84
19,-60 ,-58,-60,-61,-73,-84,-88
20,-62 ,-59,-63,-64,-70,-84,-84
21,-63 ,-59,-64,-66,-72,-84,-90
22,-65 ,-59,-66,-65,-68,-82,-85
23,-63 ,-56,-63,-65,-72,-82,-89
24,-67 ,-60,-66,-65,-75,-86,-87
25,-63 ,-57,-67,-66,-79,-86,-89
26,-66 ,-59,-64,-68,-68,-97,-83
27,-65 ,-61,-64,-68,-77,-86,-89
28,-66 ,-57,-65,-69,-78,-85,-85
29,-67 ,-57,-64,-71,-75,-89,-87
30,-65 ,-62,-62,-65,-77,-84,-85
31,-61 ,-54,-60,-61,-74,-87,-83
32,-65 ,-53,-60,-62,-69,-85,-83
33,-66 ,-55,-63,-65,-68,-85,-90
34,-63 ,-57,-59,-67,-71,-82,-93
35,-63 ,-57,-62,-65,-76,-82,-88
36,-64 ,-57,-62,-67,-68,-83,-84
37,-68 ,-63,-68,-64,-74,-86,-84
38,-70 ,-62,-68,-65,-81,-89,-83
39,-67 ,-59,-62,-66,-80,-96,-82
40,-66 ,-59,-64,-67,-77,-87,-85
41,-66 ,-59,-65,-68,-75,-88,-84
42,-67 ,-59,-62,-65,-71,-91,-84
43,-69 ,-61,-62,-62,-75,-85,-84
44,-68 ,-58,-65,-65,-76,-87,-82
45,-66 ,-62,-64,-68,-73,-89,-83
46,-68 ,-58,-65,-67,-83,-89,-86
47,-65 ,-58,-62,-67,-77,-86,-91
48,-65 ,-58,-64,-69,-81,-88,-90
49,-65 ,-56,-63,-71,-77,-89,-85
50,-64 ,-59,-65,-70,-84,-90,-89
51,-64 ,-56,-64,-70,-80,-91,-84
52,-68 ,-57,-64,-68,-77,-88,-85
53,-67 ,-56,-65,-68,-82,-96,-89
54,-66 ,-69,-63,-69,-79,-88,-86
55,-68 ,-57,-62,-68,-77,-91,-86
56,-62 ,-58,-61,-68,-70,-85,-86
57,-63 ,-58,-66,-68,-75,-90,-93
58,-62 ,-58,-57,-65,-70,-82,-91
59,-64 ,-51,-57,-67,-68,-84,-82
60,-62 ,-56,-61,-67,-67,-81,-85
61,-63 ,-53,-60,-68,-67,-87,-85
62,-64 ,-54,-58,-69,-65,-86,-86
63,-62 ,-52,-61,-66,-65,-85,-89
64,-64 ,-54,-61,-63,-65,-88,-86
65,-58 ,-54,-61,-66,-75,-87,-86
66,-63 ,-55,-63,-68,-77,-87,-89
67,-64 ,-56,-64,-65,-75,-85,-90
68,-64 ,-56,-64,-67,-77,-81,-85
69,-63 ,-57,-65,-69,-77,-81,-85
70,-63 ,-61,-61,-68,-72,-87,-92
71,-59 ,-55,-62,-64,-68,-77,-86
72,-64 ,-57,-62,-68,-71,-85,-85
73,-66 ,-58,-56,-66,-79,-86,-93
74,-63 ,-59,-58,-64,-74,-82,-90
75,-66 ,-57,-57,-64,-69,-84,-90
76,-59 ,-60,-57,-62,-67,-80,-84
77,-60 ,-57,-55,-66,-69,-82,-89
78,-61 ,-55,-63,-64,-69,-83,-82
79,-61 ,-60,-57,-61,-74,-81,-82
80,-65 ,-60,-60,-62,-75,-83,-79
81,-65 ,-56,-65,-63,-68,-82,-93
82,-63 ,-60,-69,-65,-71,-85,-86
83,-62 ,-57,-60,-65,-72,-83,-87
84,-65 ,-60,-62,-63,-75,-85,-82
85,-65 ,-60,-62,-68,-69,-84,-89
86,-67 ,-56,-62,-70,-69,-86,-84
87,-67 ,-61,-63,-64,-71,-85,-84
88,-71 ,-62,-65,-68,-83,-85,-86
89,-68 ,-64,-66,-73,-81,-86,-83
90,-68 ,-63,-65,-74,-81,-84,-89
91,-70 ,-64,-63,-69,-83,-85,-87
92,-72 ,-63,-64,-70,-81,-85,-87
93,-73 ,-62,-66,-65,-81,-87,-89
94,-73 ,-61,-65,-65,-77,-89,-90
95,-73 ,-63,-65,-70,-80,-89,-93
96,-74 ,-62,-66,-70,-76,-89,-87
97,-71 ,-62,-63,-69,-75,-85,-87
98,-71 ,-64,-64,-70,-78,-88,-94
99,-70 ,-64,-66,-73,-78,-87,-94
100,-72 ,-62,-63,-76,-81,-84,-91
101,-72 ,-59,-65,-75,-81,-84,-91
102,-69 ,-59,-59,-65,-78,-86,-87
103,-57 ,-58,-65,-62,-77,-80,-87
104,-63 ,-55,-62,-66,-76,-89,-85
105,-64 ,-56,-69,-64,-73,-89,-85
106,-60 ,-57,-60,-66,-76,-82,-80
107,-64 ,-58,-59,-61,-70,-84,-86
108,-62 ,-55,-57,-62,-70,-82,-86
109,-65 ,-54,-57,-66,-70,-82,-80
110,-61 ,-56,-53,-62,-63,-84,-91
111,-65 ,-56,-55,-65,-68,-85,-93
112,-65 ,-55,-55,-67,-63,-82,-89
113,-59 ,-57,-62,-61,-68,-80,-83
114,-65 ,-59,-65,-63,-68,-80,-83
115,-63 ,-58,-62,-71,-74,-92,-94
116,-63 ,-59,-61,-62,-78,-90,-82
117,-65 ,-60,-67,-66,-68,-84,-89
118,-65 ,-58,-67,-67,-70,-87,-84
119,-65 ,-58,-70,-66,-71,-85,-83
120,-65 ,-59,-65,-67,-89,-85,-83
121,-63 ,-58,-64,-66,-70,-81,-91
122,-61 ,-54,-56,-59,-68,-82,-83
123,-59 ,-54,-59,-59,-67,-86,-80
124,-62 ,-56,-56,-61,-68,-81,-86
125,-61 ,-51,-58,-62,-71,-80,-84
126,-59 ,-54,-56,-62,-67,-81,-82
127,-58 ,-54,-58,-62,-75,-81,-81
128,-57 ,-53,-59,-64,-71,-80,-79
129,-63 ,-55,-62,-63,-70,-80,-75
130,-62 ,-54,-56,-64,-75,-88,-85
131,-62 ,-58,-57,-62,-72,-81,-81
132,-62 ,-58,-57,-65,-68,-83,-79
133,-65 ,-50,-51,-57,-70,-80,-79
134,-63 ,-48,-51,-59,-69,-77,-82
135,-63 ,-51,-50,-63,-67,-83,-79
136,-61 ,-53,-54,-58,-71,-82,-86
137,-56 ,-53,-58,-64,-71,-84,-87
138,-58 ,-54,-62,-66,-76,-83,-86
139,-62 ,-60,-64,-74,-76,-81,-91
140,-64 ,-59,-68,-67,-74,-82,-82
141,-66 ,-59,-70,-69,-76,-87,-89
142,-64 ,-59,-65,-64,-74,-88,-90
143,-64 ,-54,-65,-63,-71,-85,-89
144,-63 ,-57,-65,-71,-75,-82,-86
145,-62 ,-56,-64,-69,-75,-81,-84
146,-63 ,-58,-65,-66,-78,-81,-88
147,-63 ,-58,-65,-66,-73,-86,-89
148,-65 ,-60,-65,-66,-73,-84,-93
149,-63 ,-58,-64,-67,-74,-87,-87
150,-64 ,-59,-66,-63,-74,-87,-87
151,-64 ,-54,-56,-65,-74,-85,-87
152,-62 ,-55,-63,-61,-68,-81,-83
153,-60 ,-54,-57,-66,-64,-81,-83
154,-59 ,-55,-65,-62,-62,-81,-77
155,-63 ,-52,-56,-59,-66,-80,-80
156,-60 ,-59,-58,-63,-72,-82,-79
157,-62 ,-55,-61,-60,-63,-84,-80
158,-62 ,-51,-58,-61,-63,-77,-80
159,-56 ,-50,-56,-62,-61,-79,-85
160,-62 ,-51,-53,-60,-67,-78,-85
161,-58 ,-55,-58,-61,-67,-78,-80
162,-60 ,-53,-60,-62,-73,-81,-82
163,-60 ,-53,-59,-64,-70,-80,-90
164,-60 ,-56,-58,-65,-70,-80,-87
165,-59 ,-54,-59,-64,-74,-80,-81
166,-62 ,-55,-58,-68,-69,-83,-88
167,-62 ,-58,-59,-66,-68,-87,-88
168,-63 ,-58,-56,-66,-73,-87,-83
169,-56 ,-47,-56,-61,-67,-78,-88
170,-62 ,-51,-54,-59,-64,-77,-81
171,-62 ,-51,-61,-71,-67,-79,-80
172,-58 ,-54,-58,-58,-67,-84,-88
173,-57 ,-54,-56,-56,-68,-79,-82
174,-56 ,-54,-58,-62,-68,-77,-81
175,-60 ,-58,-62,-61,-62,-81,-84
176,-60 ,-55,-58,-57,-75,-74,-82
177,-61 ,-56,-57,-56,-75,-74,-81
178,-58 ,-55,-59,-58,-72,-77,-81
179,-59 ,-49,-53,-59,-62,-81,-83
180,-60 ,-52,-51,-59,-73,-79,-81
181,-57 ,-56,-56,-61,-70,-77,-77
182,-57 ,-57,-59,-61,-67,-80,-83
183,-62 ,-50,-61,-64,-73,-80,-81
184,-62 ,-54,-62,-68,-80,-80,-78
185,-63 ,-57,-63,-64,-73,-86,-81
186,-62 ,-57,-54,-66,-71,-81,-83
187,-61 ,-55,-59,-58,-66,-79,-78
188,-60 ,-59,-56,-63,-64,-82,-81
189,-56 ,-53,-64,-61,-72,-84,-81
190,-57 ,-53,-56,-58,-68,-75,-80
191,-60 ,-55,-60,-59,-67,-81,-87
192,-62 ,-56,-57,-63,-69,-87,-91
193,-58 ,-59,-56,-64,-68,-82,-87
194,-63 ,-56,-61,-61,-68,-83,-87
195,-64 ,-57,-63,-59,-69,-82,-86
196,-64 ,-61,-62,-65,-70,-85,-87
197,-61 ,-58,-60,-61,-74,-78,-83
198,-65 ,-56,-63,-66,-80,-83,-88
199,-62 ,-56,-63,-66,-74,-82,-80
200,-62 ,-49,-59,-63,-62,-80,-79
201,-58 ,-54,-52,-61,-74,-75,-82
202,-62 ,-52,-57,-60,-70,-81,-74
203,-65 ,-53,-53,-57,-64,-87,-80
204,-59 ,-51,-58,-57,-64,-76,-85
205,-57 ,-54,-59,-63,-65,-80,-80
206,-62 ,-50,-57,-59,-72,-82,-84
207,-56 ,-51,-62,-62,-71,-77,-82
208,-57 ,-56,-58,-58,-66,-85,-80
209,-58 ,-54,-61,-59,-68,-78,-76
210,-62 ,-56,-61,-65,-74,-78,-76
211,-60 ,-54,-61,-65,-70,-82,-88
212,-62 ,-63,-62,-65,-68,-87,-86
213,-62 ,-57,-61,-64,-68,-82,-82
214,-60 ,-58,-57,-65,-69,-80,-89
215,-62 ,-56,-59,-68,-74,-95,-84
216,-60 ,-53,-59,-64,-65,-76,-81
217,-60 ,-54,-57,-60,-66,-80,-88
218,-59 ,-55,-61,-65,-68,-84,-84
219,-58 ,-49,-55,-60,-70,-78,-80
220,-62 ,-49,-56,-63,-67,-78,-80
221,-63 ,-48,-54,-65,-67,-82,-80
222,-57 ,-56,-54,-69,-75,-83,-81
223,-62 ,-55,-59,-63,-72,-76,-87
224,-61 ,-50,-59,-67,-65,-79,-86
225,-66 ,-56,-54,-69,-65,-82,-82
226,-63 ,-54,-55,-67,-71,-82,-87
227,-60 ,-57,-58,-64,-70,-84,-79
228,-61 ,-56,-58,-67,-68,-80,-81
229,-61 ,-62,-64,-65,-73,-81,-90
230,-66 ,-58,-58,-68,-73,-85,-78
231,-66 ,-56,-57,-66,-73,-84,-87
232,-63 ,-54,-55,-64,-72,-84,-81
233,-58 ,-53,-58,-64,-73,-82,-82
234,-58 ,-48,-59,-59,-64,-84,-77
235,-56 ,-55,-59,-68,-74,-84,-79
236,-59 ,-54,-63,-72,-75,-81,-78
237,-58 ,-56,-61,-66,-75,-84,-78
238,-61 ,-54,-57,-67,-67,-82,-84
239,-62 ,-56,-67,-63,-68,-82,-86
240,-59 ,-54,-56,-65,-74,-79,-85
241,-58 ,-59,-59,-65,-65,-82,-94
242,-63 ,-54,-61,-66,-73,-84,-88
243,-63 ,-57,-58,-62,-73,-86,-85
244,-64 ,-52,-63,-62,-71,-84,-79
245,-62 ,-57,-58,-65,-71,-87,-86
246,-57 ,-56,-60,-58,-70,-79,-84
247,-57 ,-54,-57,-61,-62,-80,-79
248,-63 ,-59,-65,-62,-65,-83,-80
249,-62 ,-59,-61,-59,-69,-82,-83
250,-56 ,-56,-62,-64,-70,-79,-86
251,-57 ,-52,-60,-61,-66,-81,-85
252,-59 ,-55,-58,-61,-67,-77,-79
253,-57 ,-56,-59,-59,-64,-79,-78
254,-58 ,-58,-61,-59,-69,-81,-80
255,-62 ,-58,-57,-58,-69,-94,-77
256,-59 ,-60,-60,-62,-67,-94,-77
257,-62 ,-55,-58,-62,-67,-81,-77
258,-59 ,-54,-60,-60,-66,-83,-78
259,-63 ,-55,-63,-62,-68,-89,-85
260,-63 ,-59,-61,-61,-66,-79,-80
261,-59 ,-57,-59,-64,-73,-79,-84
262,-62 ,-53,-61,-59,-74,-84,-81
263,-58 ,-51,-59,-65,-74,-86,-82
264,-60 ,-55,-58,-61,-72,-83,-82
265,-63 ,-57,-57,-65,-75,-83,-76
266,-64 ,-57,-56,-63,-68,-85,-81
267,-59 ,-57,-63,-66,-65,-82,-78
268,-63 ,-60,-58,-64,-66,-83,-90
269,-65 ,-56,-60,-66,-74,-89,-90
270,-61 ,-56,-63,-62,-73,-87,-91
271,-62 ,-59,-61,-66,-75,-86,-80
272,-63 ,-52,-61,-64,-75,-80,-83
273,-58 ,-51,-59,-63,-69,-81,-80
274,-61 ,-56,-65,-65,-66,-77,-81
275,-61 ,-56,-62,-67,-66,-81,-88
276,-59 ,-55,-63,-67,-66,-82,-86
277,-62 ,-55,-65,-59,-69,-86,-87
278,-61 ,-54,-64,-59,-68,-86,-88
279,-61 ,-56,-65,-59,-68,-86,-88
280,-61 ,-57,-65,-59,-67,-86,-87
281,-60 ,-57,-66,-60,-68,-87,-89
282,-61 ,-59,-63,-60,-69,-87,-88
283,-63 ,-58,-66,-63,-68,-87,-83
284,-63 ,-57,-59,-66,-71,-82,-83
285,-59 ,-52,-61,-61,-76,-75,-78
286,-65 ,-62,-60,-65,-68,-83,-82
287,-66 ,-53,-58,-63,-69,-81,-80
288,-66 ,-53,-59,-62,-69,-81,-79
289,-60 ,-56,-62,-61,-69,-82,-81
290,-56 ,-50,-58,-63,-68,-83,-83
291,-59 ,-59,-58,-62,-64,-78,-81
292,-60 ,-57,-58,-66,-65,-77,-80
293,-59 ,-56,-58,-68,-62,-80,-81
294,-59 ,-54,-57,-65,-62,-80,-82
295,-58 ,-53,-61,-62,-64,-78,-81
296,-59 ,-60,-61,-66,-66,-81,-85
297,-56 ,-58,-60,-59,-66,-80,-77
298,-57 ,-59,-58,-66,-67,-78,-82
299,-62 ,-53,-58,-65,-67,-82,-84
300,-60 ,-59,-61,-62,-68,-81,-85
301,-61 ,-57,-63,-67,-72,-77,-82
302,-61 ,-55,-62,-62,-65,-82,-81
303,-57 ,-55,-58,-64,-65,-87,-79
304,-61 ,-52,-54,-63,-64,-84,-82
305,-61 ,-54,-54,-67,-60,-81,-83
306,-59 ,-57,-53,-61,-63,-79,-87
307,-62 ,-54,-55,-61,-63,-84,-81
308,-62 ,-54,-58,-64,-65,-77,-85
309,-59 ,-54,-58,-59,-63,-81,-80
310,-58 ,-55,-58,-61,-64,-81,-84
311,-61 ,-54,-64,-63,-68,-83,-81
312,-62 ,-57,-61,-63,-65,-83,-82
313,-67 ,-56,-65,-68,-69,-83,-82
314,-63 ,-57,-60,-64,-72,-80,-78
315,-62 ,-57,-63,-67,-66,-87,-80
316,-63 ,-57,-66,-66,-68,-83,-81
317,-62 ,-57,-59,-72,-73,-86,-82
318,-64 ,-66,-54,-67,-70,-83,-82
319,-62 ,-63,-57,-69,-71,-82,-82
320,-64 ,-64,-58,-75,-68,-82,-80
321,-64 ,-62,-57,-69,-67,-77,-81
322,-63 ,-63,-57,-68,-71,-79,-82
323,-61 ,-55,-58,-67,-69,-84,-86
324,-65 ,-51,-59,-61,-66,-81,-84
325,-61 ,-58,-60,-64,-73,-81,-82
326,-64 ,-55,-62,-66,-65,-85,-81
327,-62 ,-59,-59,-64,-65,-80,-81
328,-59 ,-55,-56,-64,-69,-83,-84
329,-64 ,-56,-60,-61,-67,-78,-85
330,-60 ,-56,-56,-64,-67,-84,-85
331,-58 ,-54,-59,-62,-68,-79,-87
332,-59 ,-52,-61,-57,-69,-83,-78
333,-56 ,-55,-56,-59,-64,-83,-83
334,-60 ,-56,-56,-63,-65,-80,-83
335,-59 ,-53,-64,-60,-68,-82,-81
336,-58 ,-52,-64,-64,-66,-88,-83
337,-59 ,-51,-64,-57,-69,-80,-80
338,-58 ,-50,-59,-58,-68,-80,-81
339,-61 ,-53,-53,-61,-63,-77,-81
340,-58 ,-50,-55,-54,-61,-84,-87
341,-60 ,-58,-56,-65,-68,-79,-86
342,-62 ,-56,-59,-58,-67,-78,-79
343,-62 ,-59,-62,-60,-68,-80,-89
344,-61 ,-58,-64,-61,-64,-78,-82
345,-61 ,-59,-62,-61,-66,-80,-88
346,-60 ,-51,-59,-63,-68,-81,-76
347,-60 ,-58,-57,-59,-66,-82,-83
348,-61 ,-54,-60,-62,-66,-79,-85
349,-59 ,-54,-60,-65,-66,-80,-90
350,-61 ,-59,-62,-65,-66,-81,-83
351,-61 ,-56,-61,-74,-69,-87,-89
352,-66 ,-55,-60,-69,-66,-85,-87
353,-64 ,-58,-60,-68,-66,-86,-88
354,-66 ,-58,-64,-67,-71,-85,-87
355,-62 ,-59,-62,-63,-65,-87,-87
356,-60 ,-56,-59,-66,-68,-81,-83
357,-59 ,-53,-58,-66,-65,-82,-78
358,-62 ,-54,-60,-61,-71,-86,-80
359,-61 ,-59,-54,-65,-66,-81,-89
360,-62 ,-57,-58,-63,-70,-85,-86
361,-63 ,-59,-57,-65,-69,-80,-86
362,-67 ,-61,-63,-65,-71,-81,-87
363,-64 ,-55,-60,-74,-66,-87,-87
364,-65 ,-57,-62,-70,-67,-85,-87
365,-64 ,-57,-60,-70,-69,-86,-83
366,-65 ,-58,-61,-71,-69,-87,-83
367,-64 ,-56,-61,-73,-66,-88,-83
368,-62 ,-57,-60,-64,-67,-80,-88
369,-60 ,-53,-60,-67,-64,-81,-79
370,-61 ,-60,-60,-65,-67,-82,-78
371,-63 ,-58,-62,-65,-68,-81,-74
372,-59 ,-56,-61,-66,-71,-83,-82
373,-63 ,-59,-61,-68,-71,-81,-87
374,-63 ,-58,-61,-67,-69,-86,-85
375,-64 ,-56,-58,-71,-69,-88,-84
376,-68 ,-51,-59,-67,-65,-80,-87
377,-63 ,-57,-63,-64,-67,-81,-83
378,-66 ,-57,-64,-61,-69,-82,-88
379,-64 ,-57,-60,-60,-65,-80,-91
380,-58 ,-50,-61,-68,-64,-85,-91
381,-59 ,-58,-62,-67,-65,-80,-83
382,-63 ,-61,-61,-63,-68,-82,-83
383,-65 ,-58,-61,-62,-71,-81,-86
384,-63 ,-59,-60,-65,-69,-81,-84
385,-65 ,-59,-61,-67,-70,-80,-83
386,-66 ,-57,-59,-64,-69,-82,-84
387,-62 ,-57,-60,-61,-69,-93,-90
388,-63 ,-58,-58,-64,-66,-81,-83
389,-62 ,-58,-58,-63,-68,-82,-84
390,-62 ,-56,-57,-64,-65,-85,-83
391,-62 ,-57,-56,-63,-66,-84,-82
392,-62 ,-55,-54,-62,-69,-79,-81
393,-62 ,-53,-59,-62,-66,-82,-87
394,-65 ,-56,-62,-62,-68,-83,-90
395,-65 ,-54,-60,-64,-65,-87,-82
396,-60 ,-53,-60,-61,-69,-81,-83
397,-59 ,-56,-62,-59,-67,-75,-78
398,-61 ,-52,-60,-61,-68,-80,-84
399,-64 ,-60,-63,-63,-72,-86,-84
400,-62 ,-51,-58,-65,-72,-80,-88
401,-60 ,-54,-56,-64,-70,-78,-80
402,-62 ,-53,-62,-64,-68,-79,-82
403,-63 ,-51,-57,-60,-66,-79,-82
404,-63 ,-51,-58,-63,-68,-81,-87
405,-66 ,-52,-63,-63,-68,-80,-87
406,-62 ,-58,-59,-59,-67,-80,-77
407,-62 ,-56,-61,-63,-65,-83,-89
408,-61 ,-51,-60,-63,-66,-82,-87
409,-62 ,-53,-64,-65,-69,-85,-85
410,-64 ,-55,-54,-64,-68,-89,-81
411,-65 ,-54,-56,-64,-66,-79,-81
412,-66 ,-56,-59,-62,-67,-80,-78
413,-60 ,-62,-66,-66,-71,-84,-85
414,-62 ,-64,-62,-65,-75,-82,-86
415,-61 ,-56,-63,-77,-67,-82,-96
416,-64 ,-52,-59,-59,-66,-86,-87
417,-60 ,-54,-59,-65,-66,-83,-84
418,-61 ,-58,-58,-62,-66,-81,-81
419,-62 ,-54,-60,-61,-70,-79,-81
420,-61 ,-57,-59,-62,-69,-78,-83
421,-64 ,-57,-63,-59,-68,-82,-83
422,-63 ,-57,-66,-63,-68,-82,-82
423,-58 ,-57,-66,-61,-68,-85,-83
424,-61 ,-56,-67,-61,-69,-82,-87
425,-60 ,-56,-67,-62,-69,-82,-86
426,-61 ,-56,-66,-65,-71,-85,-88
427,-60 ,-57,-66,-64,-70,-84,-88
428,-61 ,-56,-64,-61,-72,-83,-86
429,-60 ,-57,-63,-62,-72,-85,-86
430,-62 ,-60,-61,-66,-69,-80,-86
431,-64 ,-59,-62,-63,-69,-84,-81
432,-61 ,-58,-60,-62,-70,-81,-85
433,-65 ,-61,-63,-63,-69,-82,-84
434,-68 ,-56,-65,-67,-76,-87,-85
435,-67 ,-56,-60,-66,-73,-93,-87
436,-66 ,-55,-64,-71,-75,-94,-83
437,-65 ,-57,-63,-71,-76,-87,-86
438,-64 ,-56,-64,-71,-75,-87,-87
439,-64 ,-57,-63,-71,-77,-87,-83
440,-65 ,-58,-65,-65,-74,-89,-85
441,-67 ,-65,-67,-68,-75,-87,-84
442,-70 ,-62,-62,-67,-69,-88,-86
443,-64 ,-58,-60,-67,-68,-84,-81
444,-62 ,-53,-57,-60,-69,-87,-86
445,-61 ,-56,-60,-58,-67,-79,-82
446,-65 ,-54,-65,-70,-74,-83,-82
447,-67 ,-57,-67,-68,-75,-85,-80
448,-67 ,-55,-68,-67,-74,-83,-83
449,-68 ,-57,-66,-69,-76,-81,-82
450,-67 ,-56,-65,-66,-75,-83,-81
451,-68 ,-55,-66,-68,-75,-82,-83
452,-67 ,-57,-64,-68,-75,-82,-82
453,-68 ,-55,-73,-65,-76,-82,-82
454,-68 ,-55,-67,-70,-76,-82,-81
455,-68 ,-56,-66,-69,-75,-82,-83
456,-68 ,-57,-67,-68,-75,-83,-83
457,-67 ,-56,-67,-70,-74,-81,-82
458,-69 ,-59,-70,-67,-75,-82,-82
459,-63 ,-58,-59,-65,-74,-86,-84
460,-68 ,-55,-63,-61,-74,-79,-85
461,-67 ,-57,-60,-60,-75,-83,-87
462,-68 ,-57,-60,-61,-73,-87,-87
463,-66 ,-56,-60,-63,-74,-87,-93
464,-69 ,-58,-56,-61,-73,-81,-93
465,-66 ,-57,-61,-61,-73,-81,-90
466,-66 ,-57,-62,-61,-74,-81,-89
467,-65 ,-57,-60,-64,-74,-81,-90
468,-66 ,-57,-60,-68,-74,-82,-88
469,-66 ,-57,-64,-62,-68,-87,-88
470,-63 ,-57,-64,-69,-75,-85,-83
471,-66 ,-58,-64,-63,-73,-83,-86
472,-62 ,-58,-62,-65,-75,-90,-81
473,-62 ,-59,-62,-63,-74,-86,-81
474,-66 ,-58,-61,-63,-73,-81,-85
475,-66 ,-60,-62,-62,-70,-82,-85
476,-60 ,-52,-59,-65,-66,-82,-80
477,-61 ,-59,-58,-62,-65,-78,-78
478,-60 ,-57,-58,-59,-70,-76,-80
479,-62 ,-52,-56,-63,-64,-78,-81
480,-58 ,-56,-51,-59,-65,-81,-84
481,-59 ,-57,-60,-58,-67,-80,-79
482,-59 ,-57,-60,-60,-63,-81,-77
483,-55 ,-53,-57,-67,-64,-80,-78
484,-57 ,-53,-54,-61,-73,-86,-81
485,-62 ,-52,-59,-62,-64,-80,-81
486,-61 ,-55,-56,-66,-73,-79,-80
487,-62 ,-55,-64,-61,-60,-81,-77
488,-60 ,-51,-61,-63,-64,-86,-81
489,-60 ,-59,-55,-66,-66,-82,-86
490,-61 ,-54,-60,-60,-64,-79,-81
491,-59 ,-52,-58,-65,-66,-82,-80
492,-64 ,-52,-57,-61,-66,-82,-81
493,-64 ,-50,-55,-63,-66,-78,-82
494,-61 ,-53,-52,-60,-72,-75,-81
495,-61 ,-52,-58,-59,-70,-76,-79
496,-62 ,-53,-55,-60,-68,-76,-79
497,-62 ,-51,-54,-60,-74,-74,-82
498,-61 ,-57,-58,-62,-67,-78,-76
499,-59 ,-50,-56,-59,-62,-78,-79
500,-59 ,-49,-57,-58,-65,-76,-79
501,-42 ,-53,-62,-38,-66,-65,-69
502,-44 ,-55,-61,-41,-66,-72,-68
503,-41 ,-58,-56,-40,-73,-69,-73
504,-40 ,-55,-56,-41,-70,-74,-73
505,-38 ,-55,-53,-37,-72,-71,-73
506,-38 ,-54,-56,-45,-56,-72,-68
507,-38 ,-52,-54,-38,-64,-73,-77
508,-37 ,-59,-57,-38,-69,-68,-73
509,-37 ,-61,-61,-37,-71,-68,-73
510,-37 ,-56,-56,-38,-68,-70,-66
511,-37 ,-59,-57,-43,-73,-65,-66
512,-39 ,-54,-61,-43,-75,-64,-74
513,-42 ,-57,-61,-43,-73,-67,-66
514,-40 ,-56,-58,-42,-67,-62,-71
515,-41 ,-56,-54,-41,-76,-65,-68
516,-43 ,-55,-55,-39,-69,-67,-71
517,-41 ,-56,-56,-38,-72,-67,-70
518,-41 ,-56,-60,-39,-72,-74,-66
519,-44 ,-52,-60,-37,-66,-67,-73
520,-43 ,-55,-63,-37,-64,-67,-76
521,-40 ,-59,-57,-43,-74,-65,-66
522,-38 ,-57,-61,-38,-69,-73,-70
523,-39 ,-62,-58,-37,-69,-73,-72
524,-35 ,-58,-61,-38,-67,-71,-71
525,-26 ,-55,-55,-38,-71,-71,-70
526,-38 ,-58,-59,-41,-65,-68,-74
527,-27 ,-55,-57,-37,-67,-71,-71
528,-19 ,-59,-67,-35,-65,-66,-74
529,-18 ,-63,-62,-38,-72,-71,-73
530,-14 ,-58,-60,-38,-74,-74,-73
531,-17 ,-66,-61,-37,-68,-75,-77
532,-16 ,-70,-58,-14,-73,-71,-80
533,-19 ,-62,-56,-13,-74,-72,-77
534,-18 ,-62,-56,-15,-71,-70,-79
535,-18 ,-62,-59,-14,-73,-71,-78
536,-17 ,-63,-60,-14,-72,-72,-77
537,-17 ,-61,-60,-15,-72,-69,-79
538,-17 ,-74,-60,-15,-73,-71,-80
539,-16 ,-59,-60,-35,-69,-81,-78
540,-12 ,-60,-62,-14,-71,-77,-71
541,-16 ,-58,-58,-13,-68,-76,-90
542,-21 ,-61,-62,-16,-76,-74,-74
543,-36 ,-57,-60,-20,-71,-74,-74
544,-39 ,-56,-58,-37,-64,-76,-72
545,-36 ,-57,-61,-38,-63,-79,-71
546,-38 ,-60,-57,-38,-65,-79,-76
547,-38 ,-55,-54,-42,-63,-78,-71
548,-38 ,-58,-53,-40,-63,-77,-70
549,-37 ,-61,-54,-37,-66,-74,-75
550,-41 ,-57,-51,-40,-66,-78,-71
551,-41 ,-53,-49,-38,-71,-69,-75
552,-42 ,-53,-50,-47,-66,-80,-69
553,-47 ,-55,-52,-49,-59,-78,-71
554,-41 ,-58,-53,-38,-65,-79,-72
555,-45 ,-58,-59,-42,-66,-81,-75
556,-41 ,-59,-53,-40,-69,-80,-78
557,-46 ,-58,-59,-40,-71,-78,-76
558,-42 ,-55,-57,-38,-71,-71,-76
559,-42 ,-56,-50,-43,-68,-76,-77
560,-41 ,-58,-58,-42,-64,-79,-80
561,-39 ,-56,-55,-41,-62,-69,-75
562,-38 ,-53,-53,-43,-78,-69,-75
563,-45 ,-58,-55,-38,-68,-76,-75
564,-40 ,-56,-53,-50,-71,-79,-78
565,-43 ,-58,-56,-41,-69,-79,-78
566,-45 ,-57,-58,-45,-77,-78,-80
567,-48 ,-58,-57,-45,-73,-86,-92
568,-38 ,-58,-60,-42,-66,-82,-79
569,-45 ,-58,-58,-40,-70,-86,-80
570,-40 ,-53,-56,-42,-69,-74,-78
571,-43 ,-60,-55,-46,-71,-76,-79
572,-41 ,-59,-54,-41,-58,-80,-80
573,-43 ,-59,-54,-39,-63,-79,-87
574,-39 ,-54,-53,-45,-68,-78,-81
575,-48 ,-56,-54,-39,-67,-78,-82
576,-43 ,-58,-56,-43,-67,-78,-82
577,-41 ,-57,-55,-43,-65,-71,-76
578,-39 ,-56,-54,-48,-61,-78,-67
579,-38 ,-54,-50,-42,-60,-71,-67
580,-38 ,-56,-53,-47,-61,-72,-83
581,-39 ,-56,-55,-39,-68,-74,-73
582,-38 ,-50,-71,-39,-68,-78,-74
583,-38 ,-57,-60,-39,-68,-73,-74
584,-37 ,-50,-53,-42,-65,-72,-71
585,-40 ,-50,-49,-51,-65,-75,-80
586,-38 ,-52,-56,-44,-65,-71,-75
587,-38 ,-51,-54,-45,-67,-72,-76
588,-40 ,-55,-47,-47,-64,-75,-79
589,-39 ,-56,-53,-40,-69,-75,-72
590,-43 ,-58,-50,-45,-71,-68,-74
591,-40 ,-53,-50,-40,-60,-69,-74
592,-38 ,-58,-59,-37,-66,-74,-67
593,-38 ,-63,-61,-43,-64,-76,-76
594,-37 ,-56,-58,-39,-66,-70,-72
595,-20 ,-63,-61,-35,-70,-73,-71
596,-39 ,-57,-55,-37,-67,-70,-73
597,-35 ,-58,-59,-40,-75,-75,-73
598,-19 ,-59,-55,-37,-73,-72,-66
599,-20 ,-56,-55,-37,-61,-79,-72
600,-35 ,-54,-55,-40,-61,-79,-73
601,-19 ,-60,-56,-36,-63,-70,-75
602,-15 ,-60,-59,-37,-65,-74,-73
603,-18 ,-60,-59,-17,-68,-75,-75
604,-19 ,-63,-66,-20,-79,-73,-72
605,-14 ,-59,-64,-16,-79,-76,-72
606,-13 ,-63,-65,-16,-74,-73,-74
607,-13 ,-60,-63,-18,-70,-73,-73
608,-12 ,-60,-68,-15,-74,-73,-70
609,-12 ,-64,-63,-18,-69,-72,-74
610,-17 ,-63,-65,-27,-86,-72,-74
611,-27 ,-59,-56,-38,-62,-75,-79
612,-41 ,-58,-66,-41,-73,-71,-79
613,-39 ,-54,-55,-37,-71,-64,-67
614,-38 ,-56,-55,-39,-75,-71,-75
615,-38 ,-62,-57,-41,-77,-65,-68
616,-41 ,-57,-64,-42,-74,-69,-70
617,-43 ,-59,-63,-40,-74,-66,-64
618,-44 ,-58,-63,-39,-80,-71,-72
619,-45 ,-58,-63,-45,-80,-76,-65
620,-44 ,-57,-64,-40,-75,-69,-64
621,-42 ,-58,-63,-41,-75,-69,-67
622,-44 ,-57,-62,-41,-75,-65,-68
623,-45 ,-58,-62,-40,-73,-70,-67
624,-41 ,-59,-65,-47,-75,-68,-66
625,-40 ,-63,-67,-40,-75,-70,-70
626,-40 ,-56,-57,-35,-84,-70,-66
627,-36 ,-60,-57,-37,-68,-66,-77
628,-36 ,-59,-57,-19,-70,-69,-75
629,-17 ,-59,-63,-15,-70,-76,-85
630,-35 ,-57,-54,-35,-64,-78,-76
631,-39 ,-54,-55,-37,-61,-77,-79
632,-42 ,-56,-52,-36,-75,-68,-81
633,-39 ,-51,-64,-38,-71,-78,-78
634,-43 ,-53,-53,-38,-63,-76,-73
635,-40 ,-56,-56,-38,-66,-77,-74
636,-41 ,-59,-53,-40,-62,-72,-76
637,-42 ,-59,-57,-51,-62,-72,-76
638,-49 ,-62,-59,-43,-78,-79,-81
639,-48 ,-61,-58,-44,-75,-80,-89
640,-50 ,-54,-60,-43,-74,-76,-77
641,-49 ,-56,-58,-42,-77,-76,-78
642,-51 ,-57,-59,-45,-77,-75,-81
643,-50 ,-58,-57,-42,-76,-74,-80
644,-48 ,-58,-58,-44,-71,-77,-79
645,-50 ,-55,-58,-43,-73,-75,-80
646,-50 ,-56,-63,-45,-71,-76,-78
647,-50 ,-57,-58,-44,-82,-75,-78
648,-50 ,-55,-59,-41,-82,-75,-78
649,-48 ,-63,-58,-44,-74,-79,-78
650,-45 ,-56,-60,-46,-81,-79,-75
651,-50 ,-57,-61,-50,-74,-83,-79
652,-50 ,-57,-57,-50,-70,-77,-80
653,-50 ,-55,-57,-48,-80,-81,-76
654,-49 ,-56,-60,-47,-72,-80,-79
655,-48 ,-57,-60,-44,-71,-85,-77
656,-49 ,-56,-59,-49,-74,-82,-80
657,-48 ,-63,-55,-42,-71,-81,-79
658,-44 ,-63,-67,-46,-63,-81,-78
659,-40 ,-59,-67,-50,-68,-79,-78
660,-40 ,-63,-64,-50,-64,-75,-78
661,-52 ,-60,-65,-48,-64,-79,-75
662,-42 ,-58,-65,-46,-71,-77,-73
663,-42 ,-61,-63,-44,-74,-76,-75
664,-43 ,-62,-66,-43,-73,-77,-76
665,-41 ,-60,-65,-51,-72,-74,-78
666,-44 ,-59,-63,-42,-72,-79,-80
667,-43 ,-60,-68,-46,-72,-83,-79
668,-40 ,-58,-60,-49,-72,-74,-80
669,-37 ,-54,-55,-38,-72,-76,-79
670,-38 ,-55,-57,-37,-64,-68,-73
671,-37 ,-56,-55,-38,-71,-75,-78
672,-40 ,-55,-66,-39,-75,-73,-78
673,-40 ,-56,-53,-42,-65,-72,-70
674,-40 ,-59,-57,-39,-67,-81,-74
675,-39 ,-56,-53,-49,-70,-80,-75
676,-42 ,-60,-56,-44,-74,-76,-80
677,-44 ,-54,-54,-45,-73,-71,-79
678,-44 ,-57,-53,-46,-67,-78,-79
679,-43 ,-55,-55,-44,-68,-76,-79
680,-39 ,-59,-57,-42,-75,-78,-74
681,-41 ,-57,-59,-44,-65,-76,-77
682,-42 ,-57,-51,-41,-69,-77,-75
683,-45 ,-58,-55,-46,-69,-75,-73
684,-49 ,-56,-58,-50,-64,-75,-73
685,-37 ,-58,-57,-37,-73,-75,-71
686,-35 ,-58,-55,-38,-61,-74,-79
687,-38 ,-55,-57,-41,-66,-73,-69
688,-38 ,-53,-53,-38,-66,-70,-69
689,-40 ,-50,-52,-48,-68,-73,-71
690,-37 ,-53,-51,-37,-66,-71,-75
691,-38 ,-56,-53,-28,-71,-67,-72
692,-38 ,-51,-53,-37,-67,-67,-68
693,-37 ,-56,-57,-39,-61,-72,-74
694,-37 ,-56,-53,-43,-63,-72,-77
695,-37 ,-59,-54,-39,-72,-75,-70
696,-37 ,-60,-53,-39,-65,-70,-68
697,-38 ,-58,-54,-38,-67,-72,-71
698,-37 ,-60,-52,-38,-65,-70,-70
699,-37 ,-60,-53,-37,-64,-68,-67
700,-38 ,-57,-55,-38,-62,-67,-65
701,-38 ,-56,-56,-37,-62,-67,-67
702,-37 ,-59,-55,-38,-65,-67,-68
703,-37 ,-60,-53,-38,-65,-67,-70
704,-37 ,-61,-55,-40,-63,-70,-67
705,-37 ,-58,-56,-38,-63,-75,-74
706,-38 ,-59,-52,-44,-69,-68,-76
707,-48 ,-58,-56,-38,-65,-67,-76
708,-45 ,-58,-65,-38,-65,-66,-70
709,-40 ,-58,-52,-41,-66,-63,-75
710,-38 ,-52,-59,-48,-67,-64,-75
711,-39 ,-55,-55,-47,-80,-66,-63
712,-37 ,-55,-57,-42,-63,-65,-64
713,-43 ,-53,-51,-42,-73,-71,-66
714,-42 ,-53,-50,-44,-71,-68,-64
715,-42 ,-54,-51,-47,-64,-70,-65
716,-42 ,-55,-49,-45,-64,-70,-65
717,-42 ,-54,-50,-45,-63,-68,-64
718,-42 ,-53,-49,-44,-74,-70,-65
719,-40 ,-54,-49,-43,-62,-70,-65
720,-40 ,-53,-50,-40,-62,-69,-65
721,-42 ,-54,-49,-41,-63,-69,-64
722,-40 ,-52,-51,-45,-64,-70,-65
723,-39 ,-53,-51,-40,-64,-67,-64
724,-40 ,-52,-50,-41,-64,-69,-66
725,-40 ,-55,-49,-40,-61,-69,-66
726,-40 ,-53,-49,-41,-71,-66,-65
727,-40 ,-52,-49,-41,-62,-69,-65
728,-40 ,-53,-53,-40,-64,-64,-73
729,-42 ,-54,-52,-40,-61,-73,-71
730,-41 ,-58,-48,-40,-62,-72,-76
731,-41 ,-55,-58,-43,-60,-71,-72
732,-40 ,-55,-52,-43,-60,-76,-72
733,-41 ,-55,-54,-40,-62,-71,-72
734,-39 ,-53,-51,-43,-70,-72,-70
735,-41 ,-52,-57,-41,-63,-73,-68
736,-41 ,-52,-55,-40,-62,-76,-64
737,-36 ,-60,-53,-35,-72,-71,-64
738,-37 ,-55,-55,-42,-69,-66,-69
739,-35 ,-56,-55,-36,-69,-67,-78
740,-37 ,-54,-55,-42,-63,-71,-78
741,-37 ,-51,-54,-43,-60,-69,-70
742,-36 ,-55,-53,-46,-63,-68,-71
743,-38 ,-54,-53,-42,-69,-72,-66
744,-36 ,-51,-67,-40,-63,-74,-68
745,-36 ,-56,-53,-43,-63,-65,-70
746,-35 ,-53,-55,-47,-61,-66,-71
747,-35 ,-53,-57,-46,-64,-65,-70
748,-35 ,-54,-59,-46,-62,-66,-70
749,-35 ,-53,-58,-44,-63,-68,-71
750,-36 ,-53,-57,-40,-66,-70,-69
751,-36 ,-56,-57,-46,-68,-68,-70
752,-37 ,-50,-56,-39,-67,-69,-70
753,-37 ,-49,-57,-42,-62,-64,-71
754,-36 ,-54,-53,-46,-63,-66,-76
755,-35 ,-59,-57,-42,-66,-71,-70
756,-37 ,-58,-60,-37,-75,-65,-67
757,-40 ,-54,-57,-42,-64,-67,-71
758,-44 ,-58,-58,-41,-75,-70,-64
759,-41 ,-57,-63,-40,-73,-66,-65
760,-37 ,-56,-55,-45,-64,-61,-69
761,-41 ,-58,-54,-42,-71,-65,-71
762,-40 ,-55,-56,-36,-64,-65,-66
763,-40 ,-57,-58,-38,-64,-74,-79
764,-39 ,-51,-57,-36,-64,-65,-71
765,-35 ,-57,-59,-36,-63,-74,-75
766,-35 ,-57,-53,-34,-64,-76,-76
767,-19 ,-57,-59,-38,-66,-72,-71
768,-15 ,-58,-56,-15,-74,-76,-71
769,-14 ,-54,-57,-15,-69,-82,-71
770,-10 ,-57,-57,-36,-73,-82,-72
771,-14 ,-55,-57,-34,-67,-71,-72
772,-14 ,-55,-58,-36,-67,-72,-74
773,-15 ,-55,-57,-16,-71,-72,-74
774,-16 ,-55,-56,-15,-64,-78,-76
775,-17 ,-53,-57,-17,-70,-77,-73
776,-34 ,-55,-58,-15,-65,-73,-72
777,-34 ,-54,-61,-34,-70,-72,-73
778,-35 ,-55,-52,-14,-71,-69,-82
779,-18 ,-50,-57,-36,-62,-66,-71
780,-27 ,-60,-56,-18,-65,-68,-72
781,-18 ,-57,-63,-16,-72,-73,-66
782,-18 ,-57,-63,-34,-72,-65,-75
783,-37 ,-56,-58,-45,-65,-67,-72
784,-35 ,-58,-50,-35,-62,-72,-67
785,-37 ,-51,-56,-36,-62,-72,-71
786,-38 ,-55,-51,-43,-64,-73,-73
787,-38 ,-55,-51,-41,-72,-70,-73
788,-43 ,-55,-54,-42,-58,-71,-72
789,-40 ,-57,-57,-43,-68,-89,-72
790,-39 ,-56,-53,-46,-57,-73,-77
791,-36 ,-57,-52,-40,-66,-75,-75
792,-40 ,-55,-57,-37,-71,-79,-77
793,-46 ,-54,-53,-48,-71,-78,-73
794,-40 ,-57,-51,-46,-65,-75,-79
795,-48 ,-56,-55,-46,-65,-86,-79
796,-45 ,-59,-54,-51,-69,-77,-85
797,-46 ,-58,-56,-43,-70,-72,-80
798,-39 ,-54,-56,-40,-70,-77,-78
799,-41 ,-58,-60,-47,-70,-82,-74
800,-40 ,-54,-54,-45,-71,-76,-74
801,-42 ,-55,-56,-43,-73,-76,-75
802,-41 ,-60,-54,-43,-73,-80,-74
803,-42 ,-54,-55,-49,-67,-80,-74
804,-40 ,-55,-57,-50,-66,-75,-73
805,-42 ,-55,-57,-44,-69,-73,-77
806,-45 ,-55,-54,-43,-71,-89,-77
807,-46 ,-55,-54,-45,-62,-76,-73
808,-47 ,-58,-55,-45,-62,-79,-85
809,-46 ,-59,-55,-49,-69,-74,-84
810,-45 ,-57,-55,-48,-67,-77,-84
811,-46 ,-59,-54,-52,-67,-77,-83
812,-43 ,-55,-54,-47,-67,-77,-79
813,-39 ,-53,-56,-48,-66,-69,-72
814,-37 ,-52,-57,-36,-71,-66,-75
815,-42 ,-52,-54,-35,-65,-69,-73
816,-37 ,-50,-50,-36,-58,-69,-75
817,-38 ,-57,-50,-38,-60,-74,-69
818,-39 ,-55,-54,-48,-76,-73,-80
819,-49 ,-54,-55,-53,-66,-73,-80
820,-42 ,-54,-58,-41,-63,-75,-78
821,-40 ,-55,-53,-36,-60,-77,-77
822,-37 ,-56,-56,-35,-69,-73,-69
823,-40 ,-59,-59,-39,-73,-71,-72
824,-36 ,-58,-59,-36,-69,-71,-77
825,-40 ,-58,-57,-40,-74,-79,-77
826,-42 ,-51,-54,-41,-67,-72,-77
827,-41 ,-55,-53,-37,-64,-79,-76
828,-42 ,-54,-49,-41,-68,-71,-77
829,-38 ,-53,-51,-39,-68,-76,-72
830,-34 ,-48,-51,-37,-70,-78,-69
831,-34 ,-53,-59,-36,-75,-73,-69
832,-35 ,-56,-52,-36,-72,-69,-67
833,-36 ,-55,-55,-36,-60,-73,-72
834,-35 ,-54,-56,-34,-61,-71,-74
835,-35 ,-54,-54,-35,-59,-73,-70
836,-36 ,-54,-54,-36,-62,-71,-70
837,-34 ,-57,-55,-35,-59,-71,-69
838,-36 ,-58,-52,-26,-61,-70,-70
839,-34 ,-61,-52,-27,-61,-67,-69
840,-35 ,-56,-57,-34,-60,-73,-80
841,-34 ,-61,-61,-36,-60,-73,-76
842,-35 ,-59,-57,-27,-61,-71,-76
843,-35 ,-60,-54,-35,-61,-81,-80
844,-36 ,-60,-53,-36,-63,-70,-77
845,-34 ,-62,-57,-36,-61,-71,-71
846,-36 ,-59,-57,-35,-61,-65,-80
847,-37 ,-59,-57,-36,-64,-66,-70
848,-36 ,-59,-55,-36,-65,-66,-70
849,-36 ,-59,-55,-40,-65,-66,-69
850,-35 ,-55,-56,-37,-66,-65,-69
851,-34 ,-55,-55,-36,-62,-70,-71
852,-35 ,-58,-55,-36,-62,-70,-73
853,-41 ,-58,-53,-43,-61,-70,-70
854,-37 ,-56,-58,-36,-80,-72,-70
855,-36 ,-60,-57,-37,-80,-72,-72
856,-36 ,-56,-62,-36,-80,-71,-69
857,-35 ,-53,-62,-35,-68,-70,-69
858,-36 ,-61,-57,-27,-71,-73,-70
859,-13 ,-54,-57,-21,-77,-72,-72
860,-12 ,-54,-54,-11,-70,-75,-74
861,-17 ,-56,-54,-36,-66,-73,-77
862,-18 ,-53,-60,-17,-71,-74,-71
863,-36 ,-54,-56,-16,-61,-64,-79
864,-36 ,-55,-65,-34,-66,-70,-74
865,-36 ,-54,-57,-34,-60,-69,-75
866,-39 ,-57,-54,-38,-56,-70,-72
867,-26 ,-57,-53,-37,-67,-72,-69
868,-17 ,-57,-55,-15,-62,-68,-70
869,-17 ,-56,-57,-35,-71,-69,-74
870,-11 ,-63,-65,-18,-70,-72,-73
871,-10 ,-58,-54,-18,-70,-72,-73
872,-12 ,-55,-57,-16,-70,-76,-75
873,-12 ,-56,-58,-16,-70,-75,-79
874,-10 ,-58,-62,-20,-73,-76,-74
875,-13 ,-55,-55,-21,-70,-73,-77
876,-36 ,-55,-50,-41,-66,-72,-69
877,-35 ,-52,-55,-38,-62,-66,-85
878,-38 ,-54,-52,-36,-63,-65,-70
879,-39 ,-52,-53,-36,-61,-67,-70
880,-40 ,-53,-55,-37,-71,-75,-74
881,-40 ,-54,-52,-38,-60,-69,-75
882,-38 ,-54,-51,-37,-66,-74,-76
883,-37 ,-58,-55,-38,-60,-74,-76
884,-41 ,-53,-56,-36,-62,-75,-77
885,-43 ,-56,-59,-37,-64,-74,-77
886,-36 ,-55,-59,-37,-63,-70,-73
887,-48 ,-53,-60,-36,-58,-73,-77
888,-48 ,-53,-56,-37,-59,-75,-83
889,-44 ,-52,-56,-47,-63,-71,-75
890,-38 ,-53,-54,-43,-70,-77,-75
891,-43 ,-54,-56,-40,-67,-70,-71
892,-40 ,-55,-53,-35,-64,-70,-82
893,-40 ,-54,-52,-39,-65,-70,-74
894,-43 ,-52,-55,-35,-61,-75,-76
895,-42 ,-53,-53,-42,-63,-72,-72
896,-40 ,-56,-53,-44,-69,-77,-79
897,-39 ,-58,-54,-39,-62,-71,-77
898,-37 ,-54,-54,-41,-64,-72,-78
899,-39 ,-52,-50,-39,-61,-75,-71
900,-41 ,-56,-50,-43,-66,-77,-76
901,-41 ,-54,-59,-41,-60,-76,-74
902,-42 ,-54,-54,-43,-59,-74,-72
903,-39 ,-57,-55,-42,-61,-74,-75
904,-42 ,-54,-56,-39,-63,-76,-78
905,-38 ,-56,-48,-39,-63,-70,-73
906,-39 ,-51,-50,-43,-63,-71,-66
907,-40 ,-50,-50,-37,-64,-71,-78
908,-37 ,-55,-56,-37,-67,-70,-66
909,-38 ,-54,-55,-36,-60,-71,-75
910,-42 ,-53,-62,-27,-63,-72,-79
911,-36 ,-51,-52,-37,-70,-71,-64
912,-36 ,-55,-54,-36,-67,-65,-73
913,-38 ,-60,-57,-39,-70,-70,-74
914,-36 ,-50,-58,-41,-74,-74,-69
915,-37 ,-58,-53,-43,-76,-66,-69
916,-38 ,-56,-52,-41,-76,-71,-66
917,-36 ,-56,-56,-37,-59,-66,-75
918,-36 ,-55,-54,-40,-71,-71,-71
919,-19 ,-53,-60,-37,-69,-72,-69
920,-37 ,-53,-54,-37,-67,-79,-72
921,-36 ,-57,-58,-36,-62,-74,-73
922,-36 ,-55,-53,-35,-64,-72,-66
923,-37 ,-53,-56,-35,-74,-76,-79
924,-37 ,-57,-55,-40,-75,-71,-64
925,-35 ,-58,-54,-36,-69,-69,-73
926,-36 ,-57,-56,-37,-69,-77,-72
927,-36 ,-58,-56,-39,-62,-67,-73
928,-19 ,-60,-54,-35,-69,-69,-78
929,-17 ,-62,-54,-22,-65,-70,-72
930,-34 ,-53,-52,-19,-65,-75,-69
931,-15 ,-55,-62,-25,-71,-67,-68
932,-14 ,-56,-57,-35,-68,-77,-72
933,-11 ,-59,-60,-27,-70,-74,-71
934,-34 ,-53,-56,-18,-70,-76,-75
935,-36 ,-54,-56,-35,-61,-70,-79
936,-36 ,-52,-59,-38,-64,-72,-74
937,-38 ,-55,-56,-42,-66,-72,-75
938,-38 ,-54,-53,-36,-66,-73,-75
939,-36 ,-53,-50,-37,-70,-72,-72
940,-38 ,-50,-49,-42,-69,-73,-77
941,-38 ,-53,-52,-40,-63,-73,-77
942,-41 ,-54,-52,-37,-68,-73,-77
943,-46 ,-51,-51,-36,-67,-73,-76
944,-40 ,-53,-51,-37,-78,-73,-77
945,-45 ,-53,-51,-36,-78,-72,-76
946,-44 ,-52,-51,-36,-78,-72,-77
947,-44 ,-53,-52,-36,-70,-72,-76
948,-40 ,-54,-52,-35,-68,-71,-76
949,-39 ,-59,-49,-37,-68,-70,-72
950,-39 ,-52,-56,-36,-64,-68,-69
951,-38 ,-55,-56,-36,-64,-70,-66
952,-38 ,-56,-48,-39,-71,-72,-71
953,-37 ,-57,-51,-39,-71,-71,-72
954,-40 ,-58,-49,-41,-75,-71,-70
955,-40 ,-57,-47,-42,-64,-74,-71
956,-40 ,-58,-47,-41,-65,-73,-70
957,-40 ,-70,-47,-43,-69,-73,-84
958,-40 ,-57,-47,-42,-69,-73,-70
959,-38 ,-52,-50,-41,-69,-68,-72
960,-37 ,-54,-53,-36,-65,-76,-72
961,-36 ,-54,-54,-37,-66,-75,-71
962,-36 ,-58,-54,-27,-67,-73,-78
963,-36 ,-54,-52,-20,-66,-70,-74
964,-37 ,-57,-51,-39,-70,-76,-72
965,-35 ,-51,-53,-37,-63,-72,-76
966,-38 ,-51,-53,-38,-63,-72,-73
967,-37 ,-54,-55,-37,-67,-71,-70
968,-36 ,-52,-55,-36,-69,-64,-70
969,-37 ,-54,-47,-36,-63,-70,-70
970,-46 ,-52,-46,-39,-74,-71,-78
971,-44 ,-50,-57,-45,-61,-72,-67
972,-40 ,-52,-53,-39,-61,-75,-73
973,-43 ,-55,-50,-39,-61,-69,-73
974,-43 ,-55,-52,-42,-60,-74,-67
975,-43 ,-54,-55,-41,-68,-71,-74
976,-43 ,-47,-50,-45,-65,-66,-69
977,-37 ,-46,-51,-39,-63,-69,-69
978,-36 ,-55,-51,-37,-75,-71,-70
979,-38 ,-59,-61,-36,-68,-69,-73
980,-36 ,-55,-58,-37,-76,-72,-69
981,-37 ,-53,-57,-38,-71,-68,-64
982,-34 ,-60,-52,-37,-71,-66,-75
983,-34 ,-54,-56,-42,-68,-76,-75
984,-39 ,-57,-50,-35,-63,-70,-79
985,-39 ,-48,-51,-38,-63,-69,-89
986,-38 ,-52,-62,-37,-69,-73,-71
987,-42 ,-52,-56,-43,-64,-76,-74
988,-39 ,-54,-55,-37,-64,-70,-70
989,-43 ,-57,-52,-40,-58,-72,-70
990,-40 ,-54,-53,-36,-61,-77,-74
991,-37 ,-55,-55,-40,-73,-72,-74
992,-38 ,-58,-62,-41,-64,-76,-73
993,-43 ,-54,-59,-40,-68,-76,-74
994,-45 ,-52,-59,-43,-71,-74,-79
995,-45 ,-57,-59,-43,-71,-74,-79
996,-47 ,-60,-56,-48,-85,-85,-81
997,-50 ,-56,-55,-47,-63,-86,-77
998,-48 ,-57,-56,-49,-64,-87,-76
999,-46 ,-57,-55,-44,-65,-86,-77
1000,-45 ,-58,-54,-46,-69,-87,-77
1001,-48 ,-54,-50,-49,-61,-81,-84
1002,-54 ,-53,-54,-50,-63,-79,-77
1003,-50 ,-56,-54,-50,-71,-79,-77
1004,-49 ,-57,-52,-51,-60,-89,-83
1005,-48 ,-52,-54,-47,-61,-80,-86
1006,-46 ,-56,-53,-53,-61,-87,-77
1007,-52 ,-56,-58,-48,-59,-87,-92
1008,-45 ,-51,-59,-53,-62,-82,-85
1009,-46 ,-56,-57,-55,-66,-82,-85
1010,-49 ,-53,-55,-46,-59,-81,-93
1011,-49 ,-52,-58,-46,-57,-77,-77
1012,-49 ,-49,-53,-47,-57,-80,-77
1013,-50 ,-49,-54,-48,-62,-79,-75
1014,-56 ,-51,-47,-51,-71,-79,-75
1015,-60 ,-50,-49,-54,-71,-83,-82
1016,-60 ,-54,-50,-50,-60,-84,-85
1017,-48 ,-56,-50,-45,-61,-80,-80
1018,-49 ,-49,-53,-48,-63,-84,-88
1019,-48 ,-50,-55,-50,-66,-78,-75
1020,-53 ,-55,-55,-53,-66,-79,-86
1021,-46 ,-58,-54,-49,-62,-81,-88
1022,-46 ,-56,-54,-49,-63,-81,-82
1023,-47 ,-54,-55,-47,-66,-78,-86
1024,-47 ,-53,-49,-49,-66,-76,-80
1025,-45 ,-54,-48,-49,-65,-78,-81
1026,-45 ,-53,-55,-49,-63,-78,-81
1027,-46 ,-54,-53,-48,-64,-78,-79
1028,-45 ,-54,-54,-48,-63,-78,-82
1029,-45 ,-53,-55,-50,-63,-83,-82
1030,-45 ,-55,-54,-47,-63,-78,-80
1031,-46 ,-53,-54,-46,-63,-79,-82
1032,-46 ,-52,-54,-47,-64,-79,-81
1033,-46 ,-60,-54,-48,-63,-80,-83
1034,-46 ,-54,-53,-47,-63,-85,-80
1035,-47 ,-55,-55,-49,-67,-85,-80
1036,-46 ,-58,-55,-49,-64,-78,-84
1037,-46 ,-60,-56,-47,-66,-83,-85
1038,-49 ,-52,-61,-52,-61,-82,-88
1039,-48 ,-55,-58,-49,-67,-83,-88
1040,-48 ,-52,-52,-56,-68,-81,-84
1041,-49 ,-51,-58,-45,-65,-83,-84
1042,-52 ,-60,-59,-40,-60,-81,-81
1043,-52 ,-56,-56,-41,-63,-77,-80
1044,-48 ,-57,-54,-50,-66,-83,-78
1045,-49 ,-53,-51,-53,-67,-81,-83
1046,-48 ,-53,-51,-50,-66,-79,-86
1047,-47 ,-55,-54,-50,-72,-80,-88
1048,-49 ,-52,-56,-48,-55,-81,-82
1049,-53 ,-54,-59,-54,-62,-81,-82
1050,-55 ,-51,-52,-48,-60,-78,-86
1051,-49 ,-52,-57,-54,-59,-85,-88
1052,-54 ,-55,-52,-50,-58,-78,-86
1053,-51 ,-56,-51,-58,-58,-80,-86
1054,-51 ,-51,-52,-57,-56,-81,-77
1055,-46 ,-54,-50,-54,-59,-81,-77
1056,-49 ,-53,-50,-55,-59,-80,-87
1057,-48 ,-50,-54,-51,-59,-77,-75
1058,-49 ,-53,-53,-51,-64,-79,-80
1059,-48 ,-53,-50,-55,-66,-83,-82
1060,-50 ,-57,-53,-49,-67,-83,-82
1061,-45 ,-59,-56,-54,-64,-84,-78
1062,-50 ,-57,-60,-43,-66,-77,-82
1063,-46 ,-53,-52,-45,-62,-79,-78
1064,-47 ,-53,-55,-57,-62,-80,-78
1065,-48 ,-55,-54,-48,-67,-85,-81
1066,-44 ,-53,-55,-48,-66,-79,-86
1067,-43 ,-55,-53,-52,-60,-78,-86
1068,-50 ,-56,-56,-60,-60,-78,-86
1069,-50 ,-58,-54,-51,-60,-80,-82
1070,-51 ,-56,-51,-55,-62,-85,-83
1071,-47 ,-54,-49,-52,-58,-79,-86
1072,-54 ,-59,-52,-63,-62,-76,-81
1073,-52 ,-57,-51,-55,-65,-85,-85
1074,-52 ,-57,-61,-59,-59,-85,-85
1075,-52 ,-48,-56,-53,-62,-78,-81
1076,-49 ,-55,-51,-49,-63,-81,-73
1077,-46 ,-48,-52,-52,-62,-77,-80
1078,-45 ,-56,-57,-47,-61,-76,-78
1079,-48 ,-55,-58,-52,-64,-92,-79
1080,-49 ,-52,-48,-52,-62,-78,-75
1081,-49 ,-50,-51,-50,-62,-75,-75
1082,-49 ,-55,-48,-49,-62,-79,-84
1083,-50 ,-56,-48,-48,-63,-80,-91
1084,-50 ,-58,-51,-52,-60,-81,-79
1085,-49 ,-52,-46,-48,-60,-79,-80
1086,-52 ,-52,-49,-49,-58,-77,-84
1087,-45 ,-50,-52,-53,-61,-75,-79
1088,-49 ,-52,-48,-44,-59,-80,-78
1089,-47 ,-58,-49,-45,-66,-85,-79
1090,-51 ,-52,-49,-50,-63,-79,-79
1091,-49 ,-51,-53,-41,-64,-77,-79
1092,-49 ,-52,-54,-52,-60,-83,-79
1093,-50 ,-56,-53,-40,-65,-86,-80
1094,-47 ,-58,-56,-44,-64,-80,-85
1095,-47 ,-53,-54,-49,-63,-88,-85
1096,-50 ,-57,-54,-44,-67,-85,-85
1097,-46 ,-57,-52,-43,-69,-86,-85
1098,-45 ,-50,-57,-49,-63,-81,-82
1099,-48 ,-59,-53,-45,-74,-81,-81
1100,-46 ,-55,-58,-47,-64,-78,-78
1101,-51 ,-55,-54,-49,-60,-79,-84
1102,-51 ,-58,-51,-51,-62,-79,-86
1103,-53 ,-59,-51,-41,-59,-78,-77
1104,-49 ,-54,-55,-49,-63,-81,-87
1105,-52 ,-52,-57,-45,-67,-81,-86
1106,-50 ,-55,-51,-57,-58,-86,-86
1107,-45 ,-53,-50,-49,-67,-75,-77
1108,-49 ,-55,-49,-49,-60,-80,-79
1109,-46 ,-53,-54,-52,-64,-79,-84
1110,-46 ,-49,-51,-45,-62,-79,-79
1111,-54 ,-52,-53,-43,-68,-79,-79
1112,-51 ,-55,-50,-50,-59,-79,-85
1113,-48 ,-60,-57,-52,-61,-85,-84
1114,-51 ,-63,-55,-54,-69,-84,-79
1115,-52 ,-64,-54,-56,-70,-84,-78
1116,-52 ,-64,-54,-54,-68,-85,-79
1117,-52 ,-62,-55,-52,-67,-83,-75
1118,-52 ,-60,-52,-54,-66,-85,-79
1119,-51 ,-60,-55,-53,-72,-85,-78
1120,-50 ,-59,-55,-47,-72,-79,-80
1121,-51 ,-52,-56,-56,-63,-79,-80
1122,-51 ,-55,-51,-49,-61,-82,-81
1123,-53 ,-52,-51,-53,-64,-80,-81
1124,-51 ,-51,-52,-52,-63,-84,-78
1125,-52 ,-52,-52,-49,-62,-80,-80
1126,-51 ,-52,-51,-54,-61,-79,-76
1127,-51 ,-54,-52,-57,-62,-79,-79
1128,-50 ,-59,-53,-54,-65,-77,-78
1129,-53 ,-59,-48,-57,-66,-80,-77
1130,-52 ,-57,-50,-52,-65,-79,-77
1131,-51 ,-57,-51,-51,-65,-80,-80
1132,-52 ,-57,-50,-51,-65,-79,-79
1133,-52 ,-57,-49,-50,-66,-80,-80
1134,-52 ,-56,-50,-56,-66,-81,-80
1135,-52 ,-56,-50,-56,-69,-79,-78
1136,-53 ,-58,-50,-52,-66,-78,-79
1137,-53 ,-56,-50,-50,-67,-80,-81
1138,-49 ,-56,-49,-52,-64,-83,-80
1139,-52 ,-56,-47,-53,-61,-78,-79
1140,-52 ,-57,-50,-52,-60,-78,-79
1141,-53 ,-56,-46,-51,-62,-80,-80
1142,-53 ,-57,-50,-54,-60,-80,-81
1143,-52 ,-56,-50,-52,-60,-80,-80
1144,-52 ,-56,-50,-54,-59,-79,-80
1145,-52 ,-58,-51,-53,-60,-80,-80
1146,-52 ,-55,-56,-51,-69,-85,-85
1147,-50 ,-55,-54,-50,-69,-79,-82
1148,-53 ,-55,-54,-51,-69,-79,-81
1149,-52 ,-56,-53,-53,-70,-80,-78
1150,-50 ,-52,-53,-53,-67,-86,-85
1151,-49 ,-58,-55,-52,-60,-83,-84
1152,-50 ,-49,-52,-56,-69,-80,-81
1153,-46 ,-56,-52,-51,-62,-85,-81
1154,-48 ,-53,-54,-45,-61,-86,-83
1155,-50 ,-56,-53,-52,-68,-84,-77
1156,-50 ,-52,-52,-56,-67,-80,-89
1157,-51 ,-53,-52,-55,-68,-78,-91
1158,-51 ,-60,-52,-52,-67,-79,-91
1159,-51 ,-52,-51,-51,-64,-79,-89
1160,-52 ,-52,-50,-49,-66,-77,-88
1161,-50 ,-52,-52,-47,-65,-77,-89
1162,-51 ,-52,-51,-51,-65,-77,-89
1163,-51 ,-52,-51,-47,-65,-76,-87
1164,-51 ,-53,-49,-51,-65,-77,-89
1165,-51 ,-51,-51,-51,-65,-78,-88
1166,-51 ,-52,-51,-50,-69,-77,-88
1167,-52 ,-53,-49,-50,-69,-79,-87
1168,-51 ,-53,-50,-51,-66,-77,-88
1169,-51 ,-52,-52,-50,-69,-78,-86
1170,-51 ,-53,-52,-54,-65,-77,-87
1171,-52 ,-53,-53,-56,-64,-78,-88
1172,-50 ,-53,-52,-50,-64,-78,-88
1173,-51 ,-52,-51,-55,-66,-78,-89
1174,-52 ,-53,-51,-55,-65,-78,-88
1175,-51 ,-52,-52,-56,-68,-79,-87
1176,-51 ,-53,-52,-55,-67,-78,-88
1177,-51 ,-53,-56,-56,-64,-77,-88
1178,-51 ,-52,-53,-55,-64,-78,-91
1179,-50 ,-54,-54,-54,-66,-77,-86
1180,-49 ,-53,-50,-55,-64,-79,-86
1181,-51 ,-52,-50,-56,-67,-79,-91
1182,-50 ,-53,-50,-55,-68,-78,-87
1183,-50 ,-53,-53,-55,-67,-78,-89
1184,-50 ,-52,-52,-55,-67,-79,-91
1185,-51 ,-53,-55,-50,-67,-76,-88
1186,-50 ,-52,-52,-50,-67,-78,-89
1187,-48 ,-54,-54,-49,-67,-77,-89
1188,-49 ,-54,-53,-50,-70,-78,-86
1189,-50 ,-54,-53,-46,-66,-78,-87
1190,-50 ,-54,-52,-49,-67,-79,-86
1191,-49 ,-53,-50,-48,-67,-78,-88
1192,-52 ,-54,-53,-50,-68,-78,-85
1193,-50 ,-53,-52,-55,-67,-77,-88
1194,-49 ,-54,-53,-55,-67,-77,-86
1195,-50 ,-53,-52,-55,-68,-78,-86
1196,-49 ,-52,-53,-54,-65,-77,-88
1197,-50 ,-52,-51,-54,-67,-77,-88
1198,-50 ,-53,-53,-54,-67,-78,-86
1199,-49 ,-52,-52,-53,-65,-77,-85
1200,-52 ,-50,-53,-54,-68,-76,-85
1201,-51 ,-54,-53,-55,-66,-77,-85
1202,-51 ,-52,-56,-52,-66,-80,-89
1203,-48 ,-57,-49,-53,-62,-79,-87
1204,-47 ,-60,-59,-55,-70,-79,-85
1205,-57 ,-58,-56,-55,-71,-84,-87
1206,-55 ,-58,-55,-54,-70,-81,-87
1207,-55 ,-56,-58,-53,-70,-81,-88
1208,-55 ,-66,-57,-52,-70,-84,-84
1209,-52 ,-57,-58,-57,-68,-86,-83
1210,-50 ,-60,-73,-58,-68,-88,-92
1211,-49 ,-59,-57,-50,-72,-80,-91
1212,-49 ,-59,-56,-50,-63,-80,-91
1213,-49 ,-62,-56,-50,-63,-83,-89
1214,-49 ,-61,-56,-49,-64,-84,-89
1215,-49 ,-60,-55,-49,-63,-85,-89
1216,-49 ,-60,-56,-50,-63,-84,-87
1217,-49 ,-61,-55,-49,-62,-84,-89
1218,-49 ,-61,-55,-53,-72,-85,-92
1219,-53 ,-57,-62,-55,-60,-86,-83
1220,-51 ,-56,-60,-48,-60,-86,-83
1221,-45 ,-59,-57,-51,-62,-77,-85
1222,-48 ,-58,-55,-49,-60,-80,-83
1223,-49 ,-64,-53,-52,-63,-73,-78
1224,-48 ,-66,-57,-51,-70,-81,-80
1225,-49 ,-64,-58,-53,-70,-84,-80
1226,-48 ,-61,-57,-51,-67,-83,-76
1227,-49 ,-64,-58,-51,-70,-86,-78
1228,-51 ,-64,-59,-49,-71,-87,-77
1229,-51 ,-62,-59,-50,-66,-85,-77
1230,-51 ,-62,-59,-52,-68,-85,-78
1231,-47 ,-64,-57,-51,-64,-85,-78
1232,-45 ,-63,-60,-53,-67,-83,-85
1233,-51 ,-60,-57,-54,-64,-84,-83
1234,-51 ,-58,-55,-54,-67,-86,-83
1235,-49 ,-52,-52,-51,-63,-78,-74
1236,-51 ,-53,-54,-53,-62,-83,-82
1237,-46 ,-46,-52,-52,-57,-77,-82
1238,-48 ,-46,-50,-54,-63,-87,-77
1239,-54 ,-54,-50,-54,-60,-81,-79
1240,-49 ,-56,-53,-52,-58,-89,-86
1241,-52 ,-52,-53,-53,-56,-78,-79
1242,-52 ,-55,-55,-54,-65,-85,-78
1243,-55 ,-51,-51,-55,-59,-89,-78
1244,-63 ,-52,-51,-56,-59,-89,-84
1245,-55 ,-53,-52,-56,-58,-85,-88
1246,-56 ,-52,-51,-57,-64,-86,-91
1247,-56 ,-52,-50,-58,-57,-85,-88
1248,-54 ,-53,-50,-58,-58,-84,-87
1249,-53 ,-54,-53,-60,-60,-86,-91
1250,-49 ,-54,-50,-55,-63,-85,-81
1251,-50 ,-52,-54,-55,-64,-83,-74
1252,-45 ,-52,-54,-53,-56,-83,-79
1253,-45 ,-50,-50,-55,-57,-76,-75
1254,-49 ,-55,-50,-53,-62,-76,-75
1255,-48 ,-57,-51,-51,-60,-79,-80
1256,-47 ,-50,-53,-47,-63,-76,-79
1257,-50 ,-51,-49,-48,-54,-77,-77
1258,-51 ,-47,-50,-49,-59,-80,-85
1259,-46 ,-55,-48,-52,-62,-80,-79
1260,-51 ,-52,-50,-49,-60,-77,-76
1261,-49 ,-59,-57,-49,-67,-85,-83
1262,-50 ,-56,-51,-49,-67,-84,-81
1263,-51 ,-60,-59,-46,-68,-78,-83
1264,-52 ,-54,-53,-51,-61,-83,-81
1265,-46 ,-51,-50,-48,-64,-82,-78
1266,-44 ,-56,-54,-52,-63,-80,-79
1267,-49 ,-56,-54,-55,-62,-78,-81
1268,-47 ,-52,-56,-56,-62,-83,-83
1269,-51 ,-54,-53,-52,-63,-81,-76
1270,-51 ,-54,-51,-53,-60,-86,-79
1271,-45 ,-52,-52,-51,-64,-84,-84
1272,-45 ,-46,-58,-53,-59,-77,-82
1273,-47 ,-57,-57,-52,-69,-79,-77
1274,-54 ,-61,-51,-44,-63,-79,-76
1275,-44 ,-53,-51,-49,-60,-84,-76
1276,-43 ,-57,-51,-52,-62,-79,-77
1277,-50 ,-54,-49,-46,-64,-85,-77
1278,-46 ,-60,-54,-50,-62,-79,-74
1279,-46 ,-53,-47,-52,-57,-79,-85
1280,-51 ,-48,-56,-53,-61,-80,-79
1281,-52 ,-51,-49,-56,-65,-81,-83
1282,-50 ,-57,-50,-59,-62,-91,-93
1283,-53 ,-53,-50,-55,-59,-86,-81
1284,-49 ,-55,-49,-49,-60,-81,-81
1285,-47 ,-57,-49,-46,-63,-84,-86
1286,-51 ,-52,-48,-48,-62,-85,-78
1287,-51 ,-51,-45,-53,-59,-84,-76
1288,-48 ,-54,-52,-54,-58,-87,-89
1289,-50 ,-54,-51,-50,-66,-87,-85
1290,-47 ,-55,-57,-50,-64,-80,-85
1291,-50 ,-56,-57,-49,-68,-92,-80
1292,-48 ,-57,-54,-47,-66,-79,-79
1293,-42 ,-54,-48,-51,-64,-78,-87
1294,-49 ,-56,-51,-54,-65,-79,-78
1295,-51 ,-59,-51,-48,-67,-79,-79
1296,-52 ,-60,-52,-48,-70,-79,-79
1297,-53 ,-58,-50,-48,-64,-88,-80
1298,-47 ,-54,-51,-47,-66,-88,-80
1299,-48 ,-55,-51,-55,-69,-88,-80
1300,-46 ,-53,-50,-53,-64,-81,-86
1301,-52 ,-60,-51,-46,-63,-84,-77
1302,-53 ,-57,-50,-47,-62,-86,-81
1303,-53 ,-58,-51,-48,-63,-85,-78
1304,-53 ,-58,-51,-48,-63,-88,-80
1305,-52 ,-58,-50,-53,-64,-87,-81
1306,-54 ,-56,-50,-50,-64,-87,-80
1307,-52 ,-52,-51,-51,-74,-86,-80
1308,-51 ,-62,-53,-51,-67,-79,-89
1309,-51 ,-63,-51,-52,-66,-79,-89
1310,-52 ,-61,-51,-52,-66,-80,-89
1311,-53 ,-62,-51,-52,-67,-79,-89
1312,-53 ,-62,-52,-53,-65,-79,-91
1313,-46 ,-60,-52,-55,-61,-85,-85
1314,-43 ,-59,-51,-53,-61,-83,-85
1315,-44 ,-60,-52,-49,-63,-84,-84
1316,-47 ,-57,-57,-52,-62,-86,-84
1317,-47 ,-57,-56,-51,-64,-80,-86
1318,-47 ,-56,-58,-56,-62,-81,-83
1319,-48 ,-55,-58,-50,-63,-81,-86
1320,-47 ,-55,-58,-50,-60,-81,-84
1321,-47 ,-64,-53,-54,-60,-83,-84
1322,-45 ,-63,-57,-55,-58,-79,-85
1323,-45 ,-63,-57,-53,-57,-81,-84
1324,-45 ,-60,-59,-52,-57,-83,-85
1325,-45 ,-60,-56,-54,-59,-84,-85
1326,-47 ,-56,-53,-53,-66,-85,-85
1327,-48 ,-58,-52,-53,-61,-88,-83
1328,-46 ,-55,-53,-52,-57,-81,-86
1329,-46 ,-57,-53,-48,-58,-80,-86
1330,-48 ,-55,-55,-52,-65,-80,-82
1331,-53 ,-56,-51,-50,-61,-83,-81
1332,-54 ,-55,-50,-49,-60,-84,-81
1333,-53 ,-58,-51,-50,-62,-84,-81
1334,-53 ,-54,-54,-50,-61,-82,-84
1335,-52 ,-55,-52,-52,-62,-82,-84
1336,-52 ,-56,-53,-50,-62,-84,-81
1337,-52 ,-55,-51,-49,-62,-86,-84
1338,-53 ,-55,-52,-46,-63,-86,-85
1339,-53 ,-55,-51,-49,-65,-86,-84
1340,-52 ,-54,-51,-49,-63,-87,-84
1341,-52 ,-56,-51,-48,-64,-87,-84
1342,-51 ,-55,-51,-48,-63,-88,-84
1343,-52 ,-56,-51,-46,-63,-86,-82
1344,-52 ,-55,-51,-49,-64,-87,-84
1345,-51 ,-55,-52,-49,-64,-86,-83
1346,-52 ,-54,-52,-49,-63,-86,-81
1347,-52 ,-55,-52,-49,-63,-88,-85
1348,-51 ,-55,-52,-48,-63,-87,-85
1349,-52 ,-57,-53,-49,-61,-88,-85
1350,-52 ,-56,-52,-49,-63,-87,-85
1351,-52 ,-56,-52,-50,-65,-86,-84
1352,-52 ,-56,-51,-50,-65,-87,-82
1353,-51 ,-58,-52,-48,-68,-86,-84
1354,-52 ,-56,-52,-49,-61,-86,-81
1355,-52 ,-55,-52,-50,-61,-86,-84
1356,-52 ,-56,-52,-44,-63,-87,-84
1357,-52 ,-55,-52,-43,-61,-86,-83
1358,-51 ,-57,-52,-49,-60,-84,-83
1359,-46 ,-53,-51,-49,-68,-79,-85
1360,-48 ,-51,-53,-48,-64,-81,-79
1361,-49 ,-58,-49,-51,-59,-89,-79
1362,-51 ,-55,-56,-49,-58,-84,-84
1363,-50 ,-51,-51,-49,-63,-79,-80
1364,-52 ,-57,-53,-47,-57,-80,-83
1365,-50 ,-52,-55,-49,-64,-80,-86
1366,-46 ,-52,-53,-44,-60,-79,-86
1367,-45 ,-54,-53,-45,-68,-75,-84
1368,-46 ,-53,-53,-43,-59,-83,-78
1369,-49 ,-62,-52,-49,-63,-82,-83
1370,-48 ,-57,-53,-43,-64,-81,-85
1371,-49 ,-53,-50,-45,-64,-74,-85
1372,-48 ,-54,-56,-49,-66,-81,-80
1373,-49 ,-53,-55,-52,-57,-86,-86
1374,-51 ,-52,-53,-51,-59,-86,-78
1375,-48 ,-52,-49,-52,-63,-79,-77
1376,-46 ,-52,-51,-55,-60,-80,-76
1377,-50 ,-52,-49,-45,-64,-76,-78
1378,-52 ,-51,-47,-49,-64,-80,-78
1379,-47 ,-53,-50,-52,-65,-80,-78
1380,-49 ,-54,-50,-52,-60,-85,-88
1381,-53 ,-53,-52,-55,-60,-82,-84
1382,-53 ,-56,-55,-51,-62,-78,-82
1383,-52 ,-54,-49,-52,-58,-81,-82
1384,-48 ,-58,-54,-46,-66,-85,-88
1385,-51 ,-55,-59,-51,-58,-87,-81
1386,-49 ,-56,-57,-51,-65,-87,-81
1387,-53 ,-54,-54,-51,-61,-84,-77
1388,-50 ,-49,-57,-49,-61,-82,-86
1389,-49 ,-47,-51,-52,-62,-89,-80
1390,-52 ,-53,-57,-52,-57,-83,-83
1391,-53 ,-48,-52,-52,-59,-81,-82
1392,-49 ,-56,-45,-42,-66,-83,-80
1393,-49 ,-50,-55,-60,-61,-78,-81
1394,-49 ,-50,-55,-49,-54,-85,-76
1395,-47 ,-57,-50,-45,-60,-82,-84
1396,-50 ,-54,-51,-46,-63,-79,-84
1397,-47 ,-52,-49,-43,-57,-80,-79
1398,-51 ,-53,-57,-51,-60,-76,-79
1399,-50 ,-49,-51,-50,-61,-83,-85
1400,-49 ,-54,-52,-52,-63,-83,-85
1401,-51 ,-55,-46,-54,-63,-84,-79
1402,-52 ,-54,-53,-49,-63,-86,-81
1403,-48 ,-57,-52,-51,-62,-86,-81
1404,-49 ,-49,-53,-45,-58,-87,-89
1405,-50 ,-51,-54,-43,-66,-78,-78
1406,-49 ,-53,-51,-42,-63,-79,-88
1407,-49 ,-57,-51,-44,-57,-85,-79
1408,-51 ,-52,-58,-49,-60,-84,-74
1409,-50 ,-56,-47,-52,-58,-88,-76
1410,-52 ,-48,-52,-54,-63,-78,-80
1411,-53 ,-50,-50,-49,-61,-83,-84
1412,-53 ,-47,-54,-53,-59,-83,-84
1413,-51 ,-58,-56,-48,-61,-79,-82
1414,-45 ,-55,-57,-47,-61,-78,-80
1415,-49 ,-50,-51,-44,-60,-83,-79
1416,-45 ,-51,-50,-51,-57,-80,-79
1417,-49 ,-56,-47,-50,-58,-77,-84
1418,-47 ,-58,-51,-43,-65,-80,-80
1419,-47 ,-54,-56,-47,-62,-78,-83
1420,-49 ,-55,-53,-48,-61,-79,-78
1421,-47 ,-57,-52,-44,-67,-78,-75
1422,-50 ,-62,-57,-45,-62,-81,-78
1423,-46 ,-56,-60,-46,-65,-84,-85
1424,-51 ,-55,-53,-50,-63,-79,-86
1425,-46 ,-48,-53,-49,-59,-80,-78
1426,-46 ,-58,-53,-48,-60,-79,-79
1427,-49 ,-45,-50,-48,-61,-79,-84
1428,-49 ,-49,-47,-50,-59,-79,-88
1429,-49 ,-53,-50,-54,-62,-77,-82
1430,-52 ,-54,-55,-55,-60,-74,-78
1431,-48 ,-56,-49,-52,-60,-82,-73
1432,-54 ,-57,-53,-54,-62,-77,-75
1433,-48 ,-54,-49,-59,-63,-78,-80
1434,-52 ,-53,-50,-52,-63,-84,-88
1435,-53 ,-52,-48,-50,-62,-81,-80
1436,-53 ,-53,-51,-50,-66,-82,-82
1437,-46 ,-56,-54,-51,-62,-80,-79
1438,-47 ,-58,-50,-55,-64,-76,-74
1439,-48 ,-47,-52,-56,-61,-77,-77
1440,-49 ,-50,-50,-45,-64,-79,-77
1441,-47 ,-51,-56,-50,-60,-78,-80
1442,-52 ,-50,-52,-49,-63,-80,-85
1443,-48 ,-47,-51,-52,-60,-74,-79
1444,-47 ,-51,-54,-50,-64,-75,-82
1445,-49 ,-52,-53,-49,-64,-77,-83
1446,-45 ,-56,-55,-46,-68,-79,-78
1447,-46 ,-58,-54,-48,-63,-78,-75
1448,-51 ,-51,-59,-46,-60,-80,-82
1449,-53 ,-56,-54,-53,-62,-88,-85
1450,-50 ,-58,-54,-50,-65,-79,-89
1451,-52 ,-51,-53,-54,-68,-88,-84
1452,-51 ,-62,-53,-51,-64,-86,-79
1453,-51 ,-51,-54,-53,-59,-86,-85
1454,-50 ,-68,-48,-56,-63,-80,-77
1455,-48 ,-52,-54,-52,-63,-80,-77
1456,-52 ,-53,-54,-49,-63,-85,-79
1457,-51 ,-54,-54,-54,-62,-85,-78
1458,-54 ,-54,-55,-52,-61,-86,-78
1459,-52 ,-54,-54,-51,-63,-87,-78
1460,-52 ,-53,-56,-49,-62,-83,-80
1461,-47 ,-56,-54,-51,-63,-81,-86
1462,-51 ,-57,-54,-55,-62,-87,-81
1463,-49 ,-54,-52,-56,-60,-85,-73
1464,-49 ,-54,-50,-51,-66,-78,-82
1465,-46 ,-47,-47,-50,-65,-79,-84
1466,-51 ,-54,-44,-52,-56,-79,-79
1467,-48 ,-47,-50,-53,-61,-82,-79
1468,-47 ,-56,-57,-52,-62,-79,-87
1469,-51 ,-55,-50,-53,-62,-78,-84
1470,-51 ,-58,-59,-52,-64,-78,-84
1471,-53 ,-62,-57,-49,-61,-88,-87
1472,-48 ,-59,-54,-55,-60,-84,-87
1473,-50 ,-59,-60,-51,-64,-86,-85
1474,-51 ,-54,-54,-55,-58,-88,-85
1475,-49 ,-58,-50,-56,-64,-81,-81
1476,-48 ,-58,-50,-53,-62,-81,-87
1477,-48 ,-51,-54,-51,-58,-80,-77
1478,-48 ,-54,-53,-51,-61,-77,-80
1479,-46 ,-51,-55,-42,-62,-79,-78
1480,-49 ,-53,-52,-52,-64,-74,-84
1481,-50 ,-55,-52,-47,-65,-83,-91
1482,-47 ,-46,-53,-46,-59,-79,-79
1483,-49 ,-51,-52,-44,-60,-77,-77
1484,-48 ,-53,-51,-43,-64,-74,-77
1485,-46 ,-54,-47,-51,-57,-80,-73
1486,-49 ,-52,-48,-48,-59,-79,-78
1487,-49 ,-51,-50,-53,-64,-79,-78
1488,-53 ,-54,-56,-52,-63,-81,-85
1489,-54 ,-55,-50,-48,-64,-80,-78
1490,-51 ,-56,-51,-47,-62,-79,-85
1491,-48 ,-55,-53,-51,-63,-82,-86
1492,-50 ,-57,-59,-43,-62,-76,-78
1493,-50 ,-53,-52,-50,-61,-79,-83
1494,-47 ,-58,-56,-51,-70,-81,-86
1495,-52 ,-57,-52,-52,-70,-87,-77
1496,-52 ,-60,-51,-54,-61,-86,-87
1497,-55 ,-60,-50,-55,-63,-88,-87
1498,-55 ,-60,-51,-53,-63,-85,-87
1499,-53 ,-58,-51,-51,-62,-84,-85
1500,-53 ,-68,-50,-51,-77,-85,-87
1501,-58 ,-56,-47,-62,-36,-85,-84
1502,-61 ,-52,-49,-56,-46,-84,-83
1503,-55 ,-50,-51,-61,-48,-82,-79
1504,-61 ,-52,-43,-60,-47,-89,-85
1505,-58 ,-59,-44,-57,-54,-82,-89
1506,-59 ,-52,-59,-61,-54,-87,-89
1507,-59 ,-51,-56,-59,-51,-87,-86
1508,-59 ,-52,-56,-59,-51,-89,-84
1509,-59 ,-52,-56,-59,-51,-89,-87
1510,-59 ,-52,-57,-59,-50,-88,-88
1511,-59 ,-53,-57,-60,-51,-89,-95
1512,-59 ,-54,-59,-60,-50,-87,-86
1513,-59 ,-53,-56,-59,-51,-87,-89
1514,-59 ,-53,-57,-59,-50,-88,-88
1515,-59 ,-57,-56,-61,-52,-86,-85
1516,-60 ,-54,-54,-60,-64,-88,-88
1517,-59 ,-53,-57,-60,-51,-87,-88
1518,-58 ,-52,-58,-60,-52,-86,-89
1519,-59 ,-52,-56,-58,-55,-88,-87
1520,-59 ,-52,-55,-60,-55,-87,-88
1521,-59 ,-51,-54,-59,-55,-87,-88
1522,-59 ,-51,-55,-59,-53,-88,-88
1523,-59 ,-56,-55,-59,-54,-87,-88
1524,-59 ,-52,-55,-59,-55,-88,-85
1525,-58 ,-51,-56,-59,-54,-87,-87
1526,-59 ,-50,-55,-59,-54,-88,-87
1527,-59 ,-50,-55,-59,-53,-86,-87
1528,-59 ,-50,-59,-59,-55,-85,-87
1529,-59 ,-51,-55,-59,-54,-87,-88
1530,-59 ,-51,-57,-59,-53,-87,-92
1531,-59 ,-53,-56,-60,-53,-85,-86
1532,-59 ,-53,-57,-62,-55,-88,-85
1533,-58 ,-52,-57,-60,-52,-86,-88
1534,-58 ,-50,-54,-60,-53,-86,-89
1535,-59 ,-52,-57,-60,-54,-91,-89
1536,-59 ,-52,-55,-59,-52,-88,-87
1537,-57 ,-52,-56,-60,-52,-91,-85
1538,-57 ,-51,-56,-57,-50,-88,-86
1539,-57 ,-50,-58,-60,-51,-87,-88
1540,-60 ,-50,-57,-60,-50,-89,-86
1541,-59 ,-51,-56,-58,-51,-95,-84
1542,-58 ,-51,-56,-58,-50,-88,-88
1543,-59 ,-51,-56,-58,-50,-88,-86
1544,-59 ,-50,-57,-59,-51,-87,-85
1545,-59 ,-51,-57,-59,-52,-87,-86
1546,-59 ,-50,-57,-61,-51,-85,-86
1547,-59 ,-51,-54,-60,-50,-87,-86
1548,-59 ,-51,-57,-59,-51,-89,-86
1549,-59 ,-51,-56,-61,-50,-86,-86
1550,-59 ,-50,-57,-60,-49,-91,-86
1551,-59 ,-51,-57,-60,-49,-87,-88
1552,-59 ,-53,-55,-60,-51,-87,-87
1553,-59 ,-52,-57,-58,-50,-86,-88
1554,-59 ,-52,-57,-60,-49,-86,-88
1555,-60 ,-53,-59,-59,-53,-86,-86
1556,-57 ,-52,-56,-62,-52,-92,-85
1557,-56 ,-51,-43,-59,-47,-83,-89
1558,-55 ,-52,-46,-59,-53,-88,-84
1559,-56 ,-58,-48,-60,-51,-85,-85
1560,-63 ,-58,-52,-59,-51,-88,-94
1561,-57 ,-61,-53,-59,-52,-87,-89
1562,-58 ,-61,-52,-61,-53,-85,-88
1563,-57 ,-57,-51,-60,-53,-85,-89
1564,-57 ,-60,-49,-61,-54,-85,-88
1565,-57 ,-61,-56,-60,-53,-86,-86
1566,-58 ,-54,-52,-61,-53,-85,-89
1567,-55 ,-56,-47,-54,-49,-81,-79
1568,-58 ,-55,-55,-54,-49,-78,-79
1569,-63 ,-54,-50,-55,-50,-85,-79
1570,-58 ,-55,-53,-59,-52,-81,-84
1571,-59 ,-59,-52,-60,-51,-87,-86
1572,-57 ,-55,-57,-59,-48,-85,-84
1573,-59 ,-57,-53,-58,-55,-85,-86
1574,-59 ,-59,-52,-59,-53,-87,-87
1575,-59 ,-56,-53,-60,-49,-85,-84
1576,-58 ,-56,-56,-61,-52,-85,-85
1577,-58 ,-59,-56,-60,-50,-86,-83
1578,-57 ,-57,-54,-58,-56,-84,-87
1579,-55 ,-56,-48,-60,-55,-84,-84
1580,-52 ,-61,-48,-60,-51,-80,-80
1581,-54 ,-57,-50,-61,-53,-83,-82
1582,-55 ,-53,-51,-62,-56,-85,-87
1583,-58 ,-55,-51,-66,-54,-86,-85
1584,-58 ,-53,-49,-60,-48,-86,-91
1585,-55 ,-48,-49,-62,-55,-86,-91
1586,-59 ,-57,-50,-59,-50,-89,-80
1587,-64 ,-55,-52,-74,-53,-89,-80
1588,-62 ,-62,-49,-66,-47,-93,-80
1589,-64 ,-57,-53,-64,-47,-88,-91
1590,-64 ,-59,-51,-62,-51,-88,-91
1591,-63 ,-56,-53,-60,-49,-88,-88
1592,-61 ,-58,-54,-63,-47,-88,-81
1593,-63 ,-57,-52,-64,-52,-88,-93
1594,-64 ,-58,-50,-65,-50,-91,-85
1595,-66 ,-57,-55,-64,-52,-91,-87
1596,-61 ,-55,-54,-69,-53,-84,-89
1597,-61 ,-61,-50,-64,-51,-84,-89
1598,-60 ,-60,-51,-64,-53,-87,-87
1599,-62 ,-63,-52,-70,-48,-87,-87
1600,-64 ,-57,-53,-66,-48,-92,-87
1601,-63 ,-54,-53,-65,-52,-92,-89
1602,-63 ,-57,-57,-70,-50,-92,-87
1603,-70 ,-59,-56,-64,-46,-88,-95
1604,-65 ,-62,-49,-67,-45,-88,-94
1605,-63 ,-59,-53,-70,-46,-86,-88
1606,-61 ,-61,-52,-68,-45,-88,-88
1607,-62 ,-61,-51,-68,-48,-88,-88
1608,-63 ,-57,-53,-63,-48,-85,-92
1609,-62 ,-55,-53,-65,-50,-88,-93
1610,-64 ,-59,-52,-65,-50,-88,-85
1611,-61 ,-60,-53,-61,-52,-87,-87
1612,-60 ,-61,-58,-63,-49,-84,-85
1613,-63 ,-57,-57,-62,-51,-89,-84
1614,-63 ,-58,-50,-63,-48,-91,-85
1615,-64 ,-54,-56,-66,-52,-88,-85
1616,-63 ,-59,-51,-72,-55,-96,-92
1617,-61 ,-57,-53,-65,-50,-87,-91
1618,-61 ,-56,-49,-60,-52,-91,-85
1619,-61 ,-55,-45,-55,-56,-85,-85
1620,-61 ,-61,-49,-58,-54,-94,-85
1621,-66 ,-59,-52,-63,-59,-88,-87
1622,-61 ,-61,-51,-62,-54,-85,-91
1623,-64 ,-60,-53,-60,-48,-89,-89
1624,-65 ,-61,-56,-67,-50,-89,-91
1625,-64 ,-66,-58,-70,-50,-89,-93
1626,-63 ,-58,-57,-61,-52,-89,-93
1627,-63 ,-57,-60,-69,-49,-93,-93
1628,-64 ,-55,-55,-62,-49,-93,-85
1629,-59 ,-62,-54,-62,-46,-87,-91
1630,-64 ,-58,-49,-64,-49,-92,-91
1631,-66 ,-54,-53,-71,-48,-92,-91
1632,-66 ,-56,-56,-63,-50,-89,-91
1633,-66 ,-54,-54,-64,-47,-89,-86
1634,-67 ,-55,-56,-64,-50,-88,-87
1635,-66 ,-56,-56,-66,-49,-89,-87
1636,-66 ,-56,-55,-67,-48,-87,-87
1637,-66 ,-57,-56,-64,-49,-89,-87
1638,-66 ,-57,-55,-65,-48,-91,-87
1639,-67 ,-57,-55,-65,-49,-88,-87
1640,-68 ,-57,-54,-64,-51,-89,-87
1641,-67 ,-56,-55,-64,-49,-91,-89
1642,-65 ,-56,-54,-63,-49,-92,-89
1643,-64 ,-55,-55,-66,-49,-88,-88
1644,-67 ,-56,-52,-64,-51,-89,-85
1645,-65 ,-57,-55,-64,-50,-92,-85
1646,-65 ,-57,-56,-63,-48,-92,-85
1647,-65 ,-57,-54,-70,-50,-88,-85
1648,-66 ,-57,-55,-65,-51,-88,-88
1649,-66 ,-59,-47,-67,-51,-94,-88
1650,-66 ,-59,-45,-67,-52,-93,-92
1651,-69 ,-58,-46,-66,-48,-95,-93
1652,-65 ,-57,-45,-69,-48,-91,-94
1653,-64 ,-59,-46,-65,-48,-91,-91
1654,-63 ,-59,-45,-65,-47,-89,-92
1655,-63 ,-58,-46,-66,-49,-93,-93
1656,-63 ,-58,-47,-66,-48,-93,-92
1657,-64 ,-59,-45,-65,-51,-93,-92
1658,-64 ,-58,-45,-65,-51,-92,-92
1659,-64 ,-60,-45,-66,-52,-92,-92
1660,-64 ,-60,-44,-66,-52,-91,-92
1661,-65 ,-57,-45,-66,-47,-92,-92
1662,-64 ,-58,-45,-66,-48,-89,-93
1663,-66 ,-58,-47,-68,-47,-88,-91
1664,-67 ,-64,-47,-64,-50,-88,-91
1665,-61 ,-60,-50,-63,-45,-88,-91
1666,-64 ,-56,-51,-65,-49,-91,-94
1667,-63 ,-56,-55,-60,-52,-86,-98
1668,-64 ,-57,-53,-61,-50,-86,-98
1669,-64 ,-54,-55,-59,-52,-88,-98
1670,-61 ,-57,-54,-65,-52,-89,-88
1671,-65 ,-56,-49,-61,-44,-88,-91
1672,-64 ,-58,-51,-59,-40,-88,-87
1673,-58 ,-57,-50,-60,-47,-84,-86
1674,-60 ,-53,-50,-66,-39,-86,-86
1675,-61 ,-56,-44,-61,-49,-91,-86
1676,-61 ,-51,-49,-59,-56,-91,-89
1677,-65 ,-52,-48,-63,-48,-91,-88
1678,-69 ,-52,-48,-66,-48,-88,-87
1679,-67 ,-52,-46,-66,-47,-89,-87
1680,-67 ,-53,-46,-64,-48,-88,-87
1681,-66 ,-52,-48,-71,-55,-88,-87
1682,-65 ,-52,-46,-65,-49,-88,-87
1683,-65 ,-52,-46,-64,-49,-88,-87
1684,-65 ,-54,-46,-65,-51,-91,-89
1685,-65 ,-51,-49,-63,-49,-92,-91
1686,-64 ,-48,-54,-58,-52,-80,-88
1687,-60 ,-52,-45,-58,-51,-87,-80
1688,-57 ,-54,-46,-53,-44,-85,-84
1689,-58 ,-54,-44,-59,-47,-83,-86
1690,-55 ,-57,-49,-52,-53,-82,-86
1691,-59 ,-53,-49,-56,-49,-83,-88
1692,-60 ,-57,-58,-58,-50,-83,-88
1693,-64 ,-55,-55,-58,-51,-89,-88
1694,-64 ,-54,-52,-58,-52,-89,-88
1695,-59 ,-53,-49,-59,-45,-89,-88
1696,-60 ,-52,-49,-61,-51,-85,-81
1697,-61 ,-58,-52,-61,-45,-92,-81
1698,-60 ,-56,-43,-61,-50,-89,-87
1699,-62 ,-57,-44,-61,-44,-89,-87
1700,-62 ,-58,-49,-64,-42,-86,-89
1701,-61 ,-54,-45,-66,-45,-88,-87
1702,-60 ,-55,-47,-59,-54,-91,-80
1703,-57 ,-59,-44,-60,-56,-87,-85
1704,-56 ,-54,-48,-57,-51,-84,-89
1705,-58 ,-54,-46,-55,-50,-87,-91
1706,-58 ,-51,-46,-58,-50,-79,-87
1707,-59 ,-55,-48,-59,-52,-86,-85
1708,-57 ,-61,-54,-64,-48,-87,-91
1709,-64 ,-55,-52,-61,-50,-92,-94
1710,-62 ,-57,-50,-62,-49,-93,-86
1711,-65 ,-58,-56,-61,-49,-89,-88
1712,-62 ,-58,-50,-58,-47,-95,-87
1713,-57 ,-52,-44,-59,-51,-88,-85
1714,-55 ,-53,-47,-57,-50,-85,-85
1715,-57 ,-52,-46,-60,-43,-88,-85
1716,-64 ,-57,-48,-60,-39,-88,-85
1717,-60 ,-51,-53,-63,-42,-87,-82
1718,-63 ,-62,-49,-63,-45,-92,-86
1719,-59 ,-52,-44,-57,-49,-85,-87
1720,-58 ,-56,-52,-54,-52,-87,-84
1721,-61 ,-57,-51,-56,-49,-88,-85
1722,-59 ,-57,-56,-65,-49,-92,-91
1723,-59 ,-57,-52,-71,-49,-92,-88
1724,-59 ,-56,-56,-65,-49,-92,-88
1725,-59 ,-56,-58,-66,-51,-92,-88
1726,-60 ,-58,-55,-65,-50,-91,-86
1727,-60 ,-58,-57,-68,-50,-96,-87
1728,-61 ,-58,-58,-67,-50,-96,-85
1729,-59 ,-57,-56,-65,-49,-91,-86
1730,-61 ,-58,-57,-66,-49,-93,-86
1731,-60 ,-57,-56,-65,-50,-96,-87
1732,-61 ,-58,-56,-67,-50,-95,-88
1733,-61 ,-57,-54,-67,-52,-89,-86
1734,-58 ,-57,-55,-66,-51,-88,-87
1735,-60 ,-57,-55,-65,-51,-94,-86
1736,-60 ,-58,-56,-64,-52,-93,-86
1737,-58 ,-56,-56,-64,-50,-82,-87
1738,-61 ,-55,-55,-66,-61,-83,-92
1739,-60 ,-56,-57,-65,-49,-85,-89
1740,-60 ,-58,-56,-66,-51,-85,-89
1741,-61 ,-56,-57,-65,-54,-85,-88
1742,-61 ,-57,-57,-66,-55,-83,-87
1743,-60 ,-57,-56,-64,-52,-84,-88
1744,-61 ,-59,-56,-64,-50,-85,-87
1745,-61 ,-56,-55,-63,-52,-84,-87
1746,-58 ,-61,-56,-64,-49,-83,-87
1747,-61 ,-56,-55,-63,-47,-85,-89
1748,-61 ,-58,-48,-57,-52,-91,-92
1749,-61 ,-55,-54,-72,-45,-89,-92
1750,-62 ,-61,-52,-69,-42,-88,-92
1751,-64 ,-57,-54,-69,-43,-88,-92
1752,-63 ,-58,-54,-69,-43,-91,-92
1753,-63 ,-59,-54,-77,-42,-91,-92
1754,-64 ,-59,-55,-66,-44,-93,-92
1755,-64 ,-59,-51,-67,-43,-88,-92
1756,-62 ,-60,-55,-67,-43,-88,-92
1757,-63 ,-58,-54,-67,-43,-88,-98
1758,-62 ,-59,-53,-64,-44,-89,-98
1759,-61 ,-62,-54,-69,-46,-93,-98
1760,-62 ,-59,-52,-69,-46,-91,-98
1761,-58 ,-57,-46,-56,-43,-89,-85
1762,-60 ,-53,-48,-61,-46,-85,-85
1763,-56 ,-55,-43,-57,-52,-93,-85
1764,-57 ,-54,-54,-59,-51,-88,-87
1765,-56 ,-55,-50,-59,-62,-84,-86
1766,-58 ,-56,-46,-56,-62,-84,-87
1767,-59 ,-54,-51,-59,-58,-80,-87
1768,-58 ,-54,-53,-60,-47,-82,-83
1769,-63 ,-54,-47,-64,-50,-83,-88
1770,-58 ,-55,-57,-64,-47,-85,-89
1771,-63 ,-57,-47,-64,-49,-86,-81
1772,-63 ,-58,-50,-57,-46,-91,-93
1773,-60 ,-54,-56,-65,-43,-88,-87
1774,-59 ,-56,-49,-57,-45,-88,-88
1775,-56 ,-56,-40,-62,-50,-86,-86
1776,-63 ,-52,-43,-63,-51,-87,-88
1777,-60 ,-56,-44,-53,-46,-87,-88
1778,-64 ,-56,-48,-62,-53,-88,-87
1779,-59 ,-56,-41,-54,-46,-89,-88
1780,-60 ,-59,-51,-59,-53,-88,-88
1781,-62 ,-58,-54,-61,-52,-88,-85
1782,-61 ,-53,-50,-59,-46,-84,-93
1783,-60 ,-56,-44,-59,-46,-81,-86
1784,-64 ,-57,-52,-60,-40,-87,-87
1785,-63 ,-56,-51,-57,-45,-88,-88
1786,-61 ,-54,-52,-65,-49,-85,-91
1787,-60 ,-63,-54,-63,-47,-88,-92
1788,-61 ,-55,-52,-61,-44,-88,-92
1789,-62 ,-58,-52,-63,-50,-87,-88
1790,-63 ,-57,-55,-63,-49,-88,-81
1791,-64 ,-63,-56,-64,-47,-92,-83
1792,-71 ,-59,-52,-62,-48,-91,-83
1793,-57 ,-53,-51,-57,-48,-88,-85
1794,-61 ,-55,-46,-57,-46,-83,-85
1795,-56 ,-53,-49,-60,-48,-82,-85
1796,-61 ,-56,-52,-62,-52,-82,-87
1797,-64 ,-58,-48,-63,-42,-85,-93
1798,-58 ,-56,-44,-60,-47,-84,-85
1799,-58 ,-51,-49,-61,-48,-88,-85
1800,-57 ,-55,-45,-59,-50,-85,-85
1801,-61 ,-52,-48,-57,-47,-85,-85
1802,-59 ,-50,-51,-59,-51,-83,-85
1803,-60 ,-52,-48,-61,-48,-83,-84
1804,-61 ,-55,-45,-57,-53,-91,-82
1805,-56 ,-51,-45,-54,-52,-79,-85
1806,-56 ,-60,-55,-55,-53,-88,-85
1807,-60 ,-60,-46,-54,-49,-81,-83
1808,-58 ,-57,-46,-55,-50,-87,-85
1809,-59 ,-56,-50,-60,-52,-81,-85
1810,-57 ,-56,-49,-58,-50,-87,-85
1811,-60 ,-58,-53,-55,-53,-83,-84
1812,-61 ,-52,-49,-58,-51,-91,-84
1813,-57 ,-57,-48,-59,-49,-88,-88
1814,-58 ,-54,-49,-60,-55,-91,-93
1815,-60 ,-59,-50,-58,-45,-87,-89
1816,-61 ,-57,-50,-59,-46,-91,-89
1817,-63 ,-53,-59,-62,-45,-88,-86
1818,-63 ,-56,-51,-64,-49,-88,-89
1819,-63 ,-57,-55,-60,-50,-86,-92
1820,-62 ,-62,-55,-64,-42,-86,-92
1821,-63 ,-56,-50,-56,-49,-89,-92
1822,-61 ,-56,-52,-58,-52,-82,-85
1823,-59 ,-49,-44,-61,-45,-89,-89
1824,-60 ,-61,-49,-60,-50,-89,-88
1825,-59 ,-55,-49,-60,-42,-92,-93
1826,-61 ,-54,-50,-63,-42,-92,-93
1827,-60 ,-49,-48,-62,-48,-85,-93
1828,-59 ,-49,-45,-57,-52,-80,-82
1829,-62 ,-56,-49,-58,-45,-85,-82
1830,-65 ,-54,-53,-61,-43,-84,-83
1831,-64 ,-59,-53,-63,-52,-87,-83
1832,-62 ,-58,-52,-65,-49,-89,-84
1833,-61 ,-54,-48,-64,-49,-89,-81
1834,-57 ,-51,-49,-64,-52,-88,-81
1835,-59 ,-52,-49,-55,-56,-83,-81
1836,-57 ,-60,-47,-59,-50,-79,-88
1837,-61 ,-56,-48,-62,-54,-88,-86
1838,-60 ,-51,-51,-59,-54,-86,-89
1839,-57 ,-56,-48,-66,-49,-84,-91
1840,-61 ,-56,-47,-60,-48,-83,-87
1841,-58 ,-49,-50,-61,-51,-83,-87
1842,-58 ,-50,-43,-56,-55,-83,-87
1843,-58 ,-53,-48,-58,-54,-88,-89
1844,-57 ,-56,-48,-59,-47,-86,-89
1845,-58 ,-57,-48,-64,-52,-92,-87
1846,-59 ,-57,-48,-69,-52,-87,-87
1847,-58 ,-54,-53,-64,-51,-87,-91
1848,-59 ,-55,-55,-62,-47,-91,-84
1849,-59 ,-55,-54,-64,-44,-86,-86
1850,-60 ,-53,-52,-64,-46,-85,-83
1851,-60 ,-54,-53,-64,-47,-85,-86
1852,-63 ,-53,-52,-64,-47,-93,-86
1853,-61 ,-53,-48,-62,-52,-86,-85
1854,-61 ,-56,-46,-60,-50,-84,-86
1855,-64 ,-55,-48,-61,-50,-83,-87
1856,-64 ,-58,-47,-61,-52,-85,-86
1857,-62 ,-53,-48,-61,-50,-85,-86
1858,-58 ,-56,-50,-58,-47,-87,-80
1859,-58 ,-60,-50,-61,-50,-87,-78
1860,-58 ,-56,-49,-60,-53,-86,-91
1861,-59 ,-55,-46,-66,-50,-86,-91
1862,-58 ,-57,-50,-58,-50,-82,-84
1863,-62 ,-57,-48,-63,-47,-88,-84
1864,-62 ,-59,-50,-66,-54,-95,-84
1865,-60 ,-57,-50,-63,-49,-87,-86
1866,-62 ,-59,-48,-65,-51,-87,-86
1867,-58 ,-65,-47,-71,-51,-86,-83
1868,-58 ,-56,-48,-65,-49,-87,-81
1869,-63 ,-54,-49,-62,-43,-89,-91
1870,-64 ,-57,-47,-58,-46,-89,-86
1871,-60 ,-55,-54,-58,-55,-86,-88
1872,-63 ,-56,-52,-65,-47,-82,-92
1873,-59 ,-57,-49,-66,-41,-87,-86
1874,-62 ,-53,-55,-65,-49,-87,-87
1875,-61 ,-58,-46,-69,-53,-82,-81
1876,-61 ,-58,-50,-59,-52,-84,-84
1877,-60 ,-56,-48,-61,-49,-92,-82
1878,-55 ,-50,-46,-57,-48,-76,-87
1879,-56 ,-54,-43,-60,-50,-86,-85
1880,-58 ,-57,-49,-64,-49,-89,-81
1881,-58 ,-52,-49,-60,-47,-87,-92
1882,-57 ,-55,-50,-63,-50,-89,-79
1883,-57 ,-57,-50,-59,-54,-85,-81
1884,-58 ,-58,-51,-61,-51,-85,-89
1885,-59 ,-54,-48,-62,-47,-85,-89
1886,-57 ,-54,-48,-55,-47,-82,-86
1887,-60 ,-54,-50,-70,-48,-84,-84
1888,-59 ,-59,-49,-62,-47,-82,-81
1889,-56 ,-48,-43,-62,-43,-83,-82
1890,-59 ,-50,-45,-60,-48,-83,-85
1891,-56 ,-54,-50,-58,-50,-83,-85
1892,-59 ,-53,-45,-60,-51,-87,-86
1893,-54 ,-46,-48,-55,-48,-84,-85
1894,-58 ,-53,-44,-62,-52,-84,-88
1895,-61 ,-52,-48,-61,-45,-90,-88
1896,-60 ,-50,-51,-62,-49,-87,-84
1897,-60 ,-53,-52,-62,-50,-91,-88
1898,-58 ,-53,-52,-62,-51,-85,-83
1899,-59 ,-51,-49,-63,-45,-86,-83
1900,-59 ,-52,-44,-64,-43,-87,-83
1901,-61 ,-49,-42,-66,-43,-80,-91
1902,-62 ,-54,-48,-62,-48,-86,-86
1903,-57 ,-49,-44,-60,-50,-84,-86
1904,-64 ,-51,-44,-61,-50,-88,-85
1905,-58 ,-53,-42,-61,-51,-87,-82
1906,-56 ,-53,-42,-61,-55,-87,-82
1907,-56 ,-55,-44,-60,-49,-84,-80
1908,-56 ,-53,-42,-61,-49,-83,-83
1909,-59 ,-50,-45,-63,-49,-84,-86
1910,-59 ,-58,-48,-65,-53,-83,-90
1911,-60 ,-55,-42,-63,-53,-91,-79
1912,-59 ,-51,-46,-58,-46,-90,-90
1913,-63 ,-53,-47,-58,-46,-90,-81
1914,-57 ,-51,-47,-61,-50,-90,-88
1915,-58 ,-56,-51,-65,-53,-87,-87
1916,-62 ,-53,-52,-59,-48,-87,-92
1917,-63 ,-54,-52,-59,-44,-86,-92
1918,-57 ,-58,-52,-66,-46,-86,-90
1919,-61 ,-60,-52,-57,-51,-91,-86
1920,-61 ,-59,-52,-55,-48,-91,-84
1921,-61 ,-57,-51,-56,-46,-88,-85
1922,-60 ,-57,-52,-59,-47,-88,-85
1923,-61 ,-58,-53,-57,-45,-86,-90
1924,-58 ,-58,-51,-57,-49,-86,-90
1925,-59 ,-54,-49,-60,-46,-86,-87
1926,-57 ,-61,-45,-62,-48,-87,-88
1927,-61 ,-54,-48,-58,-47,-91,-88
1928,-61 ,-52,-49,-68,-45,-85,-92
1929,-57 ,-56,-47,-58,-44,-88,-82
1930,-57 ,-56,-48,-60,-49,-84,-88
1931,-57 ,-50,-47,-58,-46,-88,-88
1932,-58 ,-55,-51,-61,-44,-88,-86
1933,-58 ,-56,-52,-58,-48,-87,-85
1934,-58 ,-58,-46,-57,-47,-81,-80
1935,-59 ,-53,-51,-54,-45,-79,-87
1936,-60 ,-50,-48,-55,-46,-79,-87
1937,-59 ,-58,-48,-53,-55,-80,-88
1938,-59 ,-56,-49,-58,-52,-88,-84
1939,-58 ,-57,-45,-58,-42,-88,-88
1940,-55 ,-49,-51,-56,-50,-84,-88
1941,-55 ,-51,-48,-68,-51,-82,-86
1942,-58 ,-52,-51,-59,-49,-82,-86
1943,-59 ,-52,-50,-55,-49,-87,-86
1944,-59 ,-52,-52,-56,-50,-86,-86
1945,-58 ,-52,-50,-55,-48,-87,-90
1946,-57 ,-54,-51,-60,-47,-84,-88
1947,-55 ,-50,-49,-60,-45,-86,-87
1948,-55 ,-52,-45,-62,-46,-87,-85
1949,-62 ,-51,-46,-61,-49,-87,-85
1950,-60 ,-55,-46,-59,-49,-87,-83
1951,-59 ,-55,-48,-59,-46,-86,-83
1952,-60 ,-54,-45,-59,-45,-88,-83
1953,-56 ,-50,-47,-60,-50,-88,-83
1954,-59 ,-53,-49,-56,-47,-87,-82
1955,-59 ,-52,-50,-55,-55,-87,-85
1956,-61 ,-50,-50,-58,-48,-88,-87
1957,-57 ,-52,-48,-58,-51,-86,-87
1958,-58 ,-51,-51,-56,-54,-85,-83
1959,-56 ,-52,-50,-57,-53,-87,-86
1960,-57 ,-53,-50,-61,-56,-84,-83
1961,-59 ,-55,-50,-57,-52,-78,-83
1962,-61 ,-50,-51,-59,-55,-87,-83
1963,-56 ,-51,-52,-59,-48,-87,-82
1964,-56 ,-53,-51,-59,-50,-84,-84
1965,-57 ,-50,-51,-59,-51,-83,-84
1966,-57 ,-53,-50,-59,-52,-83,-82
1967,-56 ,-54,-49,-58,-48,-83,-84
1968,-56 ,-50,-51,-60,-58,-81,-84
1969,-58 ,-55,-50,-60,-48,-87,-93
1970,-60 ,-52,-46,-56,-48,-84,-86
1971,-58 ,-55,-50,-54,-48,-80,-86
1972,-61 ,-51,-52,-56,-47,-86,-90
1973,-60 ,-52,-51,-55,-48,-86,-90
1974,-63 ,-61,-49,-58,-46,-92,-83
1975,-61 ,-54,-45,-54,-43,-88,-80
1976,-57 ,-53,-45,-54,-52,-84,-82
1977,-56 ,-60,-47,-58,-46,-80,-82
1978,-55 ,-57,-43,-59,-53,-81,-85
1979,-55 ,-54,-43,-60,-51,-84,-88
1980,-56 ,-55,-45,-59,-52,-84,-86
1981,-55 ,-54,-46,-60,-50,-84,-86
1982,-56 ,-54,-47,-59,-52,-84,-91
1983,-56 ,-55,-44,-61,-51,-84,-87
1984,-57 ,-55,-48,-59,-51,-81,-86
1985,-59 ,-54,-49,-58,-52,-83,-93
1986,-58 ,-53,-46,-59,-50,-86,-90
1987,-56 ,-55,-44,-60,-51,-84,-86
1988,-56 ,-53,-43,-61,-58,-80,-85
1989,-57 ,-55,-50,-57,-49,-84,-85
1990,-56 ,-55,-54,-61,-46,-79,-79
1991,-57 ,-54,-49,-61,-43,-79,-85
1992,-59 ,-53,-45,-57,-45,-81,-82
1993,-57 ,-56,-53,-62,-48,-87,-88
1994,-63 ,-55,-50,-63,-50,-91,-85
1995,-61 ,-54,-51,-63,-44,-87,-88
1996,-59 ,-59,-48,-66,-50,-86,-94
1997,-59 ,-56,-50,-62,-47,-87,-90
1998,-62 ,-59,-46,-65,-45,-87,-88
1999,-62 ,-58,-52,-61,-41,-90,-85
2000,-59 ,-50,-45,-60,-45,-88,-87
